-- phpMyAdmin SQL Dump
-- version 5.2.1
-- https://www.phpmyadmin.net/
--
-- Host: 127.0.0.1
-- Generation Time: Feb 20, 2025 at 12:58 PM
-- Server version: 10.4.32-MariaDB
-- PHP Version: 8.2.12

SET SQL_MODE = "NO_AUTO_VALUE_ON_ZERO";
START TRANSACTION;
SET time_zone = "+00:00";


/*!40101 SET @OLD_CHARACTER_SET_CLIENT=@@CHARACTER_SET_CLIENT */;
/*!40101 SET @OLD_CHARACTER_SET_RESULTS=@@CHARACTER_SET_RESULTS */;
/*!40101 SET @OLD_COLLATION_CONNECTION=@@COLLATION_CONNECTION */;
/*!40101 SET NAMES utf8mb4 */;

--
-- Database: `nicebus`
--

-- --------------------------------------------------------

--
-- Table structure for table `coach`
--

CREATE TABLE `coach` (
  `coach_id` int(11) UNSIGNED NOT NULL,
  `company_id` int(11) NOT NULL,
  `route_id` int(11) DEFAULT NULL,
  `coach_type` varchar(255) DEFAULT NULL,
  `seat_row` int(11) DEFAULT NULL,
  `seat_column` int(11) DEFAULT NULL,
  `vehicle_number` varchar(255) DEFAULT NULL,
  `supervisor_no` varchar(255) DEFAULT NULL,
  `seat_layout` int(11) DEFAULT NULL,
  `departure` time DEFAULT NULL,
  `arrival` time DEFAULT NULL,
  `main_boarding` varchar(255) DEFAULT NULL,
  `final_destination` varchar(255) DEFAULT NULL,
  `total_fare` decimal(10,2) DEFAULT NULL
) ENGINE=InnoDB DEFAULT CHARSET=utf8mb4 COLLATE=utf8mb4_general_ci;

--
-- Dumping data for table `coach`
--

INSERT INTO `coach` (`coach_id`, `company_id`, `route_id`, `coach_type`, `seat_row`, `seat_column`, `vehicle_number`, `supervisor_no`, `seat_layout`, `departure`, `arrival`, `main_boarding`, `final_destination`, `total_fare`) VALUES
(1, 1, 1, 'NON-AC', 9, 4, 'RAJSHAHI GA 62-9467', '01657844496', 36, '09:45:00', '19:05:00', 'Dhaka', 'Khulna', 650.00),
(2, 1, 1, 'NON-AC', 9, 4, 'CHATTOGRAM MA 20-3106', '01577550907', 36, '06:58:00', '20:57:00', 'Dhaka', 'Khulna', 650.00),
(3, 1, 1, 'NON-AC', 10, 4, 'DHAKA YA 78-2201', '01582342339', 40, '06:07:00', '19:46:00', 'Dhaka', 'Khulna', 650.00),
(4, 6, 2, 'NON-AC', 9, 4, 'RANGPUR SHA 41-6650', '01672167116', 36, '08:14:00', '15:08:00', 'Dhaka', 'Khulna', 650.00),
(5, 6, 2, 'NON-AC', 10, 4, 'RAJSHAHI DHA 94-8851', '01519901109', 40, '06:08:00', '17:17:00', 'Dhaka', 'Khulna', 650.00),
(6, 6, 2, 'NON-AC', 10, 4, 'CHATTOGRAM DHA 62-4487', '01790428264', 40, '07:20:00', '20:04:00', 'Dhaka', 'Khulna', 650.00),
(7, 7, 3, 'NON-AC', 9, 4, 'RANGPUR DHA 74-4133', '01000225927', 36, '06:09:00', '18:22:00', 'Dhaka', 'Khulna', 650.00),
(8, 7, 3, 'NON-AC', 9, 4, 'CHATTOGRAM THA 85-3866', '01072706367', 36, '06:59:00', '21:04:00', 'Dhaka', 'Khulna', 650.00),
(9, 7, 3, 'NON-AC', 9, 4, 'RANGPUR YA 80-2572', '01735194579', 36, '09:10:00', '17:22:00', 'Dhaka', 'Khulna', 650.00),
(10, 1, 4, 'NON-AC', 10, 4, 'SYLHET YA 76-4862', '01213131346', 40, '07:35:00', '18:53:00', 'Dhaka', 'Chattogram', 650.00),
(11, 1, 4, 'NON-AC', 10, 4, 'SYLHET DA 94-7208', '01832700829', 40, '06:56:00', '19:48:00', 'Dhaka', 'Chattogram', 650.00),
(12, 1, 4, 'NON-AC', 9, 4, 'RANGPUR LA 23-5833', '01020797421', 36, '08:15:00', '15:21:00', 'Dhaka', 'Chattogram', 650.00),
(13, 2, 5, 'NON-AC', 9, 4, 'DHAKA MA 91-5136', '01360417611', 36, '08:02:00', '20:06:00', 'Dhaka', 'Feni', 500.00),
(14, 2, 5, 'NON-AC', 9, 4, 'DHAKA DHA 67-7315', '01482343370', 36, '06:06:00', '18:15:00', 'Dhaka', 'Feni', 500.00),
(15, 2, 5, 'NON-AC', 10, 4, 'RAJSHAHI HA 57-5713', '01860148024', 40, '06:22:00', '14:41:00', 'Dhaka', 'Feni', 500.00),
(16, 4, 6, 'NON-AC', 9, 4, 'RAJSHAHI BHA 94-1064', '01251628566', 36, '08:30:00', '17:24:00', 'Dhaka', 'Sherpur', 400.00),
(17, 4, 6, 'NON-AC', 9, 4, 'CHATTOGRAM THA 36-4249', '01475796324', 36, '09:45:00', '19:13:00', 'Dhaka', 'Sherpur', 400.00),
(18, 4, 6, 'NON-AC', 9, 4, 'DHAKA LA 25-3678', '01631137982', 36, '07:20:00', '15:48:00', 'Dhaka', 'Sherpur', 400.00),
(19, 2, 7, 'NON-AC', 9, 4, 'DHAKA KA 30-9514', '01038630864', 36, '06:15:00', '15:09:00', 'Dhaka', 'Sylhet', 700.00),
(20, 2, 7, 'NON-AC', 9, 4, 'SYLHET SHA 10-4104', '01625086921', 36, '08:27:00', '17:32:00', 'Dhaka', 'Sylhet', 700.00),
(21, 2, 7, 'NON-AC', 10, 4, 'SYLHET KHA 47-9901', '01821823474', 40, '07:06:00', '21:49:00', 'Dhaka', 'Sylhet', 700.00),
(22, 4, 8, 'NON-AC', 9, 4, 'SYLHET THA 64-3972', '01965904391', 36, '07:02:00', '15:20:00', 'Dhaka', 'Sylhet', 670.00),
(23, 4, 8, 'NON-AC', 10, 4, 'RANGPUR NA 14-6222', '01938163584', 40, '09:59:00', '18:13:00', 'Dhaka', 'Sylhet', 670.00),
(24, 4, 8, 'NON-AC', 9, 4, 'DHAKA TA 39-6513', '01737810026', 36, '06:39:00', '17:37:00', 'Dhaka', 'Sylhet', 670.00),
(25, 2, 9, 'NON-AC', 9, 4, 'CHATTOGRAM BA 78-9592', '01979709397', 36, '09:45:00', '19:34:00', 'Dhaka', 'Sylhet', 700.00),
(26, 2, 9, 'NON-AC', 10, 4, 'DHAKA KHA 66-9642', '01229985755', 40, '07:27:00', '20:10:00', 'Dhaka', 'Sylhet', 700.00),
(27, 2, 9, 'NON-AC', 9, 4, 'DHAKA HA 19-4741', '01121058509', 36, '06:01:00', '20:33:00', 'Dhaka', 'Sylhet', 700.00),
(28, 4, 10, 'NON-AC', 9, 4, 'CHATTOGRAM NA 56-7159', '01474480264', 36, '08:56:00', '17:07:00', 'Dhaka', 'Sylhet', 1000.00),
(29, 4, 10, 'NON-AC', 10, 4, 'CHATTOGRAM GHA 49-4201', '01137315059', 40, '06:00:00', '18:22:00', 'Dhaka', 'Sylhet', 1000.00),
(30, 4, 10, 'NON-AC', 10, 4, 'RANGPUR BA 31-5218', '01063145073', 40, '07:19:00', '17:31:00', 'Dhaka', 'Sylhet', 1000.00),
(31, 4, 11, 'NON-AC', 10, 4, 'RAJSHAHI BHA 58-1159', '01023736559', 40, '09:34:00', '21:32:00', 'Dhaka (Chandra)', 'Kuakata', 800.00),
(32, 4, 11, 'NON-AC', 10, 4, 'SYLHET LA 57-4339', '01738011939', 40, '09:59:00', '18:59:00', 'Dhaka (Chandra)', 'Kuakata', 800.00),
(33, 4, 11, 'NON-AC', 9, 4, 'CHATTOGRAM KA 45-8138', '01083264047', 36, '08:09:00', '14:47:00', 'Dhaka (Chandra)', 'Kuakata', 800.00),
(34, 1, 12, 'NON-AC', 10, 4, 'DHAKA DA 51-4091', '01163229802', 40, '06:30:00', '16:38:00', 'Dhaka', 'Barisal', 500.00),
(35, 1, 12, 'NON-AC', 9, 4, 'SYLHET TA 38-6239', '01109879612', 36, '07:23:00', '20:28:00', 'Dhaka', 'Barisal', 500.00),
(36, 1, 12, 'NON-AC', 9, 4, 'RAJSHAHI LA 73-1069', '01590695183', 36, '09:26:00', '19:38:00', 'Dhaka', 'Barisal', 500.00),
(37, 2, 13, 'NON-AC', 10, 4, 'RAJSHAHI THA 86-6684', '01012020074', 40, '09:30:00', '19:29:00', 'Dhaka', 'Barisal', 500.00),
(38, 2, 13, 'NON-AC', 10, 4, 'DHAKA NA 93-1098', '01243339009', 40, '07:43:00', '16:35:00', 'Dhaka', 'Barisal', 500.00),
(39, 2, 13, 'NON-AC', 10, 4, 'SYLHET UMA 28-8263', '01910832258', 40, '09:43:00', '18:25:00', 'Dhaka', 'Barisal', 500.00),
(40, 5, 14, 'NON-AC', 9, 4, 'SYLHET THA 75-1711', '01068292873', 36, '06:24:00', '17:29:00', 'Dhaka', 'Rangpur', 800.00),
(41, 5, 14, 'NON-AC', 10, 4, 'SYLHET KHA 27-4635', '01062182699', 40, '06:52:00', '21:03:00', 'Dhaka', 'Rangpur', 800.00),
(42, 5, 14, 'NON-AC', 9, 4, 'CHATTOGRAM BA 99-7910', '01707470677', 36, '06:53:00', '17:38:00', 'Dhaka', 'Rangpur', 800.00),
(43, 2, 15, 'NON-AC', 10, 4, 'DHAKA VA 54-4293', '01740931535', 40, '09:13:00', '21:10:00', 'Dhaka', 'Rangpur', 800.00),
(44, 2, 15, 'NON-AC', 9, 4, 'DHAKA LA 57-4471', '01615391572', 36, '08:36:00', '17:34:00', 'Dhaka', 'Rangpur', 800.00),
(45, 2, 15, 'NON-AC', 10, 4, 'CHATTOGRAM BHA 86-4498', '01324697149', 40, '07:18:00', '20:53:00', 'Dhaka', 'Rangpur', 800.00),
(46, 1, 16, 'NON-AC', 10, 4, 'RANGPUR TA 44-6139', '01174795272', 40, '09:14:00', '16:38:00', 'Dhaka', 'Rangpur', 800.00),
(47, 1, 16, 'NON-AC', 10, 4, 'RAJSHAHI SHA 64-6589', '01350911706', 40, '09:30:00', '16:35:00', 'Dhaka', 'Rangpur', 800.00),
(48, 1, 16, 'NON-AC', 10, 4, 'DHAKA DHA 48-5619', '01558627334', 40, '07:12:00', '17:35:00', 'Dhaka', 'Rangpur', 800.00),
(49, 2, 17, 'NON-AC', 9, 4, 'SYLHET KHA 32-2705', '01312431380', 36, '07:29:00', '19:01:00', 'Dhaka', 'Ulipur', 950.00),
(50, 2, 17, 'NON-AC', 10, 4, 'DHAKA GA 29-6404', '01703666458', 40, '07:42:00', '21:51:00', 'Dhaka', 'Ulipur', 950.00),
(51, 2, 17, 'NON-AC', 10, 4, 'CHATTOGRAM UMA 21-5036', '01309068607', 40, '06:13:00', '17:25:00', 'Dhaka', 'Ulipur', 950.00),
(52, 4, 18, 'NON-AC', 9, 4, 'DHAKA KA 31-9921', '01300546320', 36, '08:12:00', '17:49:00', 'Dhaka', 'Mymensingh', 300.00),
(53, 4, 18, 'NON-AC', 9, 4, 'RAJSHAHI LA 18-5603', '01326579534', 36, '09:17:00', '19:25:00', 'Dhaka', 'Mymensingh', 300.00),
(54, 4, 18, 'NON-AC', 10, 4, 'SYLHET HA 34-5224', '01881576414', 40, '09:22:00', '17:19:00', 'Dhaka', 'Mymensingh', 300.00),
(55, 2, 20, 'NON-AC', 10, 4, 'SYLHET VA 77-5050', '01231485771', 40, '06:43:00', '18:10:00', 'Dhaka', 'Rajshahi', 690.00),
(56, 2, 20, 'NON-AC', 10, 4, 'DHAKA BA 79-4434', '01680286864', 40, '08:09:00', '14:45:00', 'Dhaka', 'Rajshahi', 690.00),
(57, 2, 20, 'NON-AC', 10, 4, 'RAJSHAHI SA 40-6180', '01598061027', 40, '07:12:00', '18:12:00', 'Dhaka', 'Rajshahi', 690.00),
(58, 4, 22, 'NON-AC', 9, 4, 'DH KA 64-2342', '01334234231', 36, '20:07:00', '06:07:00', 'Feni', 'Dhaka', 500.00);

-- --------------------------------------------------------

--
-- Table structure for table `company`
--

CREATE TABLE `company` (
  `company_id` int(11) UNSIGNED NOT NULL,
  `company_name` varchar(255) DEFAULT NULL,
  `company_phone` varchar(255) DEFAULT NULL,
  `company_address` text DEFAULT NULL
) ENGINE=InnoDB DEFAULT CHARSET=utf8mb4 COLLATE=utf8mb4_general_ci;

--
-- Dumping data for table `company`
--

INSERT INTO `company` (`company_id`, `company_name`, `company_phone`, `company_address`) VALUES
(1, 'Shayamoli', '1123124342233', '123 Kolyanpur, DHaka'),
(2, 'Hanif', '123124142', 'Banani'),
(3, 'Jonaki', '3423423523', 'Chadpur'),
(4, 'Ena', '123124', 'Maymansigh'),
(5, 'SR', '1231241', 'Rangpur'),
(6, 'Dola Express', '012132343', 'Khulna'),
(7, 'Tungipapra Express', '123123124', 'Tungipara');

-- --------------------------------------------------------

--
-- Table structure for table `district`
--

CREATE TABLE `district` (
  `district_id` int(11) UNSIGNED NOT NULL,
  `district_name` varchar(256) NOT NULL
) ENGINE=InnoDB DEFAULT CHARSET=utf8mb4 COLLATE=utf8mb4_general_ci;

--
-- Dumping data for table `district`
--

INSERT INTO `district` (`district_id`, `district_name`) VALUES
(51, 'Bagerhat'),
(36, 'Bandarban'),
(30, 'Barguna'),
(31, 'Barisal'),
(32, 'Bhola'),
(14, 'Bogra'),
(37, 'Brahmanbaria'),
(38, 'Chandpur'),
(18, 'Chapainawabganj'),
(39, 'Chattogram'),
(52, 'Chuadanga'),
(40, 'Cox\'s Bazar'),
(41, 'Cumilla'),
(1, 'Dhaka'),
(22, 'Dinajpur'),
(2, 'Faridpur'),
(42, 'Feni'),
(23, 'Gaibandha'),
(3, 'Gazipur'),
(4, 'Gopalganj'),
(47, 'Habiganj'),
(61, 'Jamalpur'),
(53, 'Jashore'),
(33, 'Jhalokathi'),
(54, 'Jhenaidah'),
(15, 'Joypurhat'),
(43, 'Khagrachhari'),
(55, 'Khulna'),
(5, 'Kishoreganj'),
(24, 'Kurigram'),
(56, 'Kushtia'),
(44, 'Lakshmipur'),
(25, 'Lalmonirhat'),
(6, 'Madaripur'),
(57, 'Magura'),
(7, 'Manikganj'),
(58, 'Meherpur'),
(48, 'Moulvibazar'),
(8, 'Munshiganj'),
(62, 'Mymensingh'),
(16, 'Naogaon'),
(59, 'Narail'),
(9, 'Narayanganj'),
(10, 'Narsingdi'),
(17, 'Natore'),
(63, 'Netrokona'),
(26, 'Nilphamari'),
(45, 'Noakhali'),
(19, 'Pabna'),
(27, 'Panchagarh'),
(34, 'Patuakhali'),
(35, 'Pirojpur'),
(11, 'Rajbari'),
(20, 'Rajshahi'),
(46, 'Rangamati'),
(28, 'Rangpur'),
(60, 'Satkhira'),
(12, 'Shariatpur'),
(64, 'Sherpur'),
(21, 'Sirajganj'),
(49, 'Sunamganj'),
(50, 'Sylhet'),
(13, 'Tangail'),
(29, 'Thakurgaon');

-- --------------------------------------------------------

--
-- Table structure for table `migrations`
--

CREATE TABLE `migrations` (
  `id` bigint(20) UNSIGNED NOT NULL,
  `version` varchar(255) NOT NULL,
  `class` varchar(255) NOT NULL,
  `group` varchar(255) NOT NULL,
  `namespace` varchar(255) NOT NULL,
  `time` int(11) NOT NULL,
  `batch` int(11) UNSIGNED NOT NULL
) ENGINE=InnoDB DEFAULT CHARSET=utf8mb4 COLLATE=utf8mb4_general_ci;

--
-- Dumping data for table `migrations`
--

INSERT INTO `migrations` (`id`, `version`, `class`, `group`, `namespace`, `time`, `batch`) VALUES
(1, '2025-02-05-025340', 'App\\Database\\Migrations\\Create_coach', 'default', 'App', 1738724752, 1),
(2, '2025-02-05-030936', 'App\\Database\\Migrations\\CreateNusers', 'default', 'App', 1738725929, 2),
(3, '2025-02-05-030950', 'App\\Database\\Migrations\\CreateCompany', 'default', 'App', 1738725929, 2),
(4, '2025-02-05-031003', 'App\\Database\\Migrations\\CreateRefundlistTable', 'default', 'App', 1738725929, 2),
(5, '2025-02-05-031029', 'App\\Database\\Migrations\\CreateRoutesTable', 'default', 'App', 1738725929, 2),
(6, '2025-02-05-031038', 'App\\Database\\Migrations\\CreateSeatsTable', 'default', 'App', 1738726093, 3),
(7, '2025-02-05-031046', 'App\\Database\\Migrations\\CreateTicketsTable', 'default', 'App', 1738726093, 3),
(8, '2025-02-05-031206', 'App\\Database\\Migrations\\CreateTripsTable', 'default', 'App', 1738726093, 3),
(9, '2025-02-05-031219', 'App\\Database\\Migrations\\CreateUsersTable', 'default', 'App', 1738726093, 3),
(10, '2025-02-05-105322', 'App\\Database\\Migrations\\Districts', 'default', 'App', 1738752975, 4);

-- --------------------------------------------------------

--
-- Table structure for table `nusers`
--

CREATE TABLE `nusers` (
  `id` int(11) UNSIGNED NOT NULL,
  `username` varchar(255) NOT NULL,
  `password` varchar(255) NOT NULL,
  `role_id` varchar(10) DEFAULT NULL,
  `fullname` varchar(255) NOT NULL,
  `phone` varchar(255) NOT NULL,
  `email` varchar(255) NOT NULL
) ENGINE=InnoDB DEFAULT CHARSET=utf8mb4 COLLATE=utf8mb4_general_ci;

--
-- Dumping data for table `nusers`
--

INSERT INTO `nusers` (`id`, `username`, `password`, `role_id`, `fullname`, `phone`, `email`) VALUES
(1, 'shaom', '81dc9bdb52d04dc20036dbd8313ed055', '', 'Shaom Mia', '123', 'ka@gmil.com'),
(2, '123@gmail.col', '$2y$10$.VLeG5o1LC/tKlBOdx88hOpiJ.3hR5ddFkibmYi24zHNoKsp/0YpG', '', 'shagor', '12345', '123@gmail.col'),
(3, 'admin@test.com', '$2y$10$CRsqAklrTQk9lgGt90di4ufg35T2ykTDwlzmMhU6cVaDogT8Ev6ju', '111', 'shaom', '1234', 'sh@gm.com'),
(4, 'ka@g.com', '$2y$10$icq2kDdFOva89CvZCx08Ie83nfC7TRsCvPyvoMmWn5LvZZxzLRUxS', NULL, 'Shagor', '12345', 'ka@g.com'),
(5, 'test@sha.com', '$2y$10$bL0uj61HYzrAsa72RBUbcexar0bi1KWwVVkDKmprhWSF/2ZeYNwqi', NULL, 'Shagor', '123456', 'test@sha.com'),
(7, 'jk@o.com', '$2y$10$39Gz3BEFwujbNEM1d/ZKZeRTw4eqoI3fh6uk0BTL7Kn8A8RmLL5N6', NULL, 'Jk', '1234', 'jk@o.com'),
(8, 's@a.com', '$2y$10$ETqjmGNi1yf9Fnf8leqe8Og8OGOXyfnCCLQVC3R3HEkgyR2ASqcOS', NULL, 's', '1234', 's@a.com'),
(10, 'jk@t.com', '$2y$10$3vKJsD.YdWHKAE/rFniL8OYeiTq0qVQHl2OJn8rZ4M9SgTrXwAaR2', NULL, 'jk', '1234', 'jk@t.com');

-- --------------------------------------------------------

--
-- Table structure for table `purchase_info`
--

CREATE TABLE `purchase_info` (
  `id` int(11) NOT NULL,
  `username` varchar(255) NOT NULL,
  `pnr` varchar(255) NOT NULL,
  `booking_date` date NOT NULL,
  `issuing_date` date NOT NULL
) ENGINE=InnoDB DEFAULT CHARSET=utf8mb4 COLLATE=utf8mb4_general_ci;

--
-- Dumping data for table `purchase_info`
--

INSERT INTO `purchase_info` (`id`, `username`, `pnr`, `booking_date`, `issuing_date`) VALUES
(1, 'shagor6', '55032115738', '2025-02-06', '2025-02-05'),
(2, 'shagor6', '21543412097', '2025-02-06', '2025-02-05'),
(3, 'sh@gm.com', '73878107164', '2025-02-06', '2025-02-05'),
(4, 'shagor2', '68527635796', '2025-02-08', '2025-02-07'),
(5, 'shagor2', '12646479384', '2025-02-15', '2025-02-08'),
(6, 'admin@test.com', '51344415636', '2025-02-19', '2025-02-13'),
(7, 'admin@test.com', '81485748571', '2025-02-19', '2025-02-13'),
(8, 'admin@test.com', '87219494189', '2025-02-19', '2025-02-13'),
(9, 'admin@test.com', '97712184966', '2025-02-17', '2025-02-14'),
(10, 'admin@test.com', '34721899584', '2025-02-17', '2025-02-14'),
(11, 'admin@test.com', '67094726485', '2025-02-17', '2025-02-14'),
(12, 'test@sha.com', '52371006804', '2025-02-17', '2025-02-15'),
(13, 'jk@t.com', '23785246414', '2025-02-17', '2025-02-15'),
(14, 'jk@t.com', '89384186788', '2025-02-17', '2025-02-15'),
(15, 'admin@test.com', '76799202826', '2025-02-17', '2025-02-15'),
(16, 'admin@test.com', '79482575766', '2025-02-17', '2025-02-15'),
(17, 'admin@test.com', '21094007944', '2025-02-17', '2025-02-16'),
(18, 'admin@test.com', '85486492259', '2025-02-17', '2025-02-16'),
(19, 'admin@test.com', '17064813770', '2025-02-17', '2025-02-16'),
(20, 'admin@test.com', '87006962899', '2025-02-17', '2025-02-16'),
(21, 'admin@test.com', '46663773099', '2025-02-18', '2025-02-17'),
(22, 'admin@test.com', '20970181147', '2025-02-18', '2025-02-17');

-- --------------------------------------------------------

--
-- Table structure for table `refundlist`
--

CREATE TABLE `refundlist` (
  `id` int(11) UNSIGNED NOT NULL,
  `pnr` varchar(255) NOT NULL,
  `trip_id` int(11) DEFAULT NULL,
  `username` varchar(255) NOT NULL,
  `seats` text NOT NULL,
  `amount` decimal(10,2) NOT NULL,
  `origin` varchar(255) NOT NULL,
  `destination` varchar(255) NOT NULL,
  `j_date` date NOT NULL,
  `status` int(11) NOT NULL DEFAULT 0,
  `bkash` varchar(255) DEFAULT NULL
) ENGINE=InnoDB DEFAULT CHARSET=utf8mb4 COLLATE=utf8mb4_general_ci;

--
-- Dumping data for table `refundlist`
--

INSERT INTO `refundlist` (`id`, `pnr`, `trip_id`, `username`, `seats`, `amount`, `origin`, `destination`, `j_date`, `status`, `bkash`) VALUES
(1, '51344415636', 28, 'admin@test.com', 'D3,E3', 1300.00, 'Dhaka', 'Khulna', '2025-02-13', 1, '1234'),
(2, '67094726485', 32, 'admin@test.com', 'C1,F3,H1,I4', 2200.00, 'Dhaka', 'Feni', '2025-02-14', 1, '1234'),
(3, '34721899584', 32, 'admin@test.com', 'E2,E1', 1300.00, 'Dhaka', 'Chattogram', '2025-02-14', 1, '1234'),
(4, '76799202826', 32, 'admin@test.com', 'E1,E2', 1100.00, 'Dhaka', 'Feni', '2025-02-15', 1, '1234'),
(5, '79482575766', 32, 'admin@test.com', 'F1,G1,H1,I1', 2200.00, 'Dhaka', 'Feni', '2025-02-15', 1, '1234');

-- --------------------------------------------------------

--
-- Table structure for table `routes`
--

CREATE TABLE `routes` (
  `id` int(11) UNSIGNED NOT NULL,
  `route_id` int(11) DEFAULT NULL,
  `company_id` int(11) DEFAULT NULL,
  `or_id` int(11) DEFAULT NULL,
  `route_name` varchar(255) DEFAULT NULL,
  `fare` decimal(10,2) DEFAULT NULL,
  `point_type` int(11) DEFAULT NULL
) ENGINE=InnoDB DEFAULT CHARSET=utf8mb4 COLLATE=utf8mb4_general_ci;

--
-- Dumping data for table `routes`
--

INSERT INTO `routes` (`id`, `route_id`, `company_id`, `or_id`, `route_name`, `fare`, `point_type`) VALUES
(1, 1, 1, 1, 'Dhaka', 0.00, 0),
(2, 1, 1, 2, 'Gopalganj', 150.00, 3),
(3, 1, 1, 3, 'Khulna', 650.00, 1),
(4, 2, 6, 1, 'Dhaka', 0.00, 0),
(5, 2, 6, 2, 'Gopalganj', 150.00, 3),
(6, 2, 6, 3, 'Khulna', 650.00, 1),
(7, 3, 7, 1, 'Dhaka', 0.00, 0),
(8, 3, 7, 2, 'Gopalganj', 150.00, 3),
(9, 3, 7, 3, 'Khulna', 650.00, 1),
(10, 4, 1, 1, 'Dhaka', 0.00, 0),
(11, 4, 1, 2, 'Lakhsham', 200.00, 2),
(12, 4, 1, 3, 'Cumilla', 150.00, 3),
(13, 4, 1, 4, 'Feni', 100.00, 3),
(14, 4, 1, 5, 'Chattogram', 650.00, 1),
(20, 5, 2, 1, 'Dhaka', 0.00, 0),
(21, 5, 2, 0, 'Feni', 500.00, 1),
(22, 6, 4, 1, 'Dhaka', 0.00, 0),
(23, 6, 4, 2, 'Mymensingh', 100.00, 3),
(24, 6, 4, 3, 'Sherpur', 400.00, 1),
(25, 7, 2, 1, 'Dhaka', 0.00, 0),
(26, 7, 2, 2, 'Sherpur', 300.00, 3),
(27, 7, 2, 3, 'Sylhet', 700.00, 1),
(28, 8, 4, 1, 'Dhaka', 0.00, 0),
(29, 8, 4, 2, 'Sherpur', 270.00, 3),
(30, 8, 4, 3, 'Sylhet', 670.00, 1),
(31, 9, 2, 1, 'Dhaka', 0.00, 0),
(32, 9, 2, 2, 'Sherpur', 300.00, 3),
(33, 9, 2, 3, 'Sylhet', 700.00, 1),
(34, 10, 4, 1, 'Dhaka', 0.00, 0),
(35, 10, 4, 2, 'Sherpur', 400.00, 2),
(36, 10, 4, 3, 'Sylhet', 1000.00, 1),
(37, 11, 4, 1, 'Dhaka (Chandra)', 0.00, 0),
(38, 11, 4, 2, 'Gazipur', 100.00, 2),
(39, 11, 4, 3, 'Abdullahpur', 150.00, 2),
(40, 11, 4, 4, 'Barisal', 150.00, 3),
(41, 11, 4, 5, 'Kuakata', 800.00, 1),
(42, 12, 1, 1, 'Dhaka', 0.00, 0),
(43, 12, 1, 2, 'Barisal', 500.00, 1),
(44, 13, 2, 1, 'Dhaka', 0.00, 0),
(45, 13, 2, 2, 'Mawa', 100.00, 2),
(46, 13, 2, 3, 'Barisal', 500.00, 1),
(47, 14, 5, 1, 'Dhaka', 0.00, 0),
(48, 14, 5, 2, 'Bogra', 300.00, 3),
(49, 14, 5, 3, 'Gobindaganj', 200.00, 3),
(50, 14, 5, 4, 'Palashbari', 100.00, 3),
(51, 14, 5, 5, 'Rangpur', 800.00, 1),
(52, 15, 2, 1, 'Dhaka', 0.00, 0),
(53, 15, 2, 2, 'Bogra', 250.00, 3),
(54, 15, 2, 3, 'Rangpur', 800.00, 1),
(55, 16, 1, 1, 'Dhaka', 0.00, 0),
(56, 16, 1, 2, 'Gaibandha', 150.00, 3),
(57, 16, 1, 3, 'Rangpur', 800.00, 1),
(58, 17, 2, 1, 'Dhaka', 0.00, 0),
(59, 17, 2, 2, 'Rangpur', 150.00, 2),
(60, 17, 2, 3, 'Kurigram', 0.00, 3),
(61, 17, 2, 4, 'Ulipur', 950.00, 1),
(62, 18, 4, 1, 'Dhaka', 0.00, 0),
(63, 18, 4, 2, 'Mymensingh', 300.00, 1),
(64, 19, 1, 1, 'Dhaka', 0.00, 0),
(65, 19, 1, 2, 'Gazipur', 100.00, 2),
(66, 19, 1, 3, 'Sirajganj', 300.00, 3),
(67, 19, 1, 4, 'Natore', 200.00, 3),
(68, 19, 1, 5, 'Puthia', 250.00, 3),
(69, 19, 1, 6, 'Rajshahi', 130.00, 3),
(70, 19, 1, 7, 'Chapainawabganj', 820.00, 0),
(71, 20, 2, 1, 'Dhaka', 0.00, 0),
(72, 20, 2, 2, 'Gazipur', 100.00, 2),
(73, 20, 2, 3, 'Sirajganj', 300.00, 3),
(74, 20, 2, 4, 'Natore', 240.00, 3),
(75, 20, 2, 5, 'Rajshahi', 690.00, 1),
(76, 21, 4, 1, 'Dhaka', 0.00, 0),
(77, 21, 4, 2, 'Natore', 250.00, 3),
(78, 21, 4, 3, 'Rajshahi', 130.00, 3),
(79, 21, 4, 4, 'Chapainawabganj', 820.00, 0),
(80, 22, 4, 1, 'Feni', 0.00, 0),
(81, 22, 4, 2, 'Dhaka', 500.00, 1);

-- --------------------------------------------------------

--
-- Table structure for table `seats`
--

CREATE TABLE `seats` (
  `seat_id` int(11) UNSIGNED NOT NULL,
  `coach_id` int(11) UNSIGNED NOT NULL,
  `seat_no` varchar(255) NOT NULL,
  `status` int(11) NOT NULL DEFAULT 0
) ENGINE=InnoDB DEFAULT CHARSET=utf8mb4 COLLATE=utf8mb4_general_ci;

-- --------------------------------------------------------

--
-- Table structure for table `tickets`
--

CREATE TABLE `tickets` (
  `id` int(11) UNSIGNED NOT NULL,
  `pnr` varchar(255) NOT NULL,
  `name` varchar(255) NOT NULL,
  `trip_id` int(11) DEFAULT NULL,
  `source` varchar(255) NOT NULL,
  `destination` varchar(255) NOT NULL,
  `phone_number` varchar(255) NOT NULL,
  `seat_no` varchar(255) NOT NULL,
  `username` varchar(255) NOT NULL,
  `b_date` date NOT NULL,
  `fare` decimal(10,2) NOT NULL
) ENGINE=InnoDB DEFAULT CHARSET=utf8mb4 COLLATE=utf8mb4_general_ci;

--
-- Dumping data for table `tickets`
--

INSERT INTO `tickets` (`id`, `pnr`, `name`, `trip_id`, `source`, `destination`, `phone_number`, `seat_no`, `username`, `b_date`, `fare`) VALUES
(1, '43287458979', 'Sh', 7, 'Dhaka', 'Kurigram', '12345', 'E3', 'shagor6', '2025-02-05', 900.00),
(3, '85186493354', 'Sh', 7, 'Dhaka', 'Kurigram', '12345', 'E3', 'shagor6', '2025-02-05', 900.00),
(5, '19126809354', 'asd', 7, 'Dhaka', 'Kurigram', '12345', 'F3', 'shagor6', '2025-02-05', 900.00),
(7, '98712626434', 'asd', 7, 'Dhaka', 'Kurigram', '12345', 'D4', 'shagor6', '2025-02-05', 900.00),
(8, '98712626434', 'asdf', 7, 'Dhaka', 'Kurigram', '12345', 'E4', 'shagor6', '2025-02-05', 900.00),
(9, '98712626434', 'asdfasd', 7, 'Dhaka', 'Kurigram', '12345', 'F4', 'shagor6', '2025-02-05', 900.00),
(10, '13992971700', 'asd', 7, 'Dhaka', 'Kurigram', '12345', 'D4', 'shagor6', '2025-02-05', 900.00),
(11, '13992971700', 'asdf', 7, 'Dhaka', 'Kurigram', '12345', 'E4', 'shagor6', '2025-02-05', 900.00),
(12, '13992971700', 'asdfasd', 7, 'Dhaka', 'Kurigram', '12345', 'F4', 'shagor6', '2025-02-05', 900.00),
(13, '65698183105', 'asd', 7, 'Dhaka', 'Kurigram', '12345', 'D4', 'shagor6', '2025-02-05', 900.00),
(14, '65698183105', 'asdf', 7, 'Dhaka', 'Kurigram', '12345', 'E4', 'shagor6', '2025-02-05', 900.00),
(15, '65698183105', 'asdfasd', 7, 'Dhaka', 'Kurigram', '12345', 'F4', 'shagor6', '2025-02-05', 900.00),
(16, '95637163712', 'a', 7, 'Dhaka', 'Kurigram', '12345', 'F1', 'shagor6', '2025-02-05', 900.00),
(17, '95637163712', 'v', 7, 'Dhaka', 'Kurigram', '12345', 'F2', 'shagor6', '2025-02-05', 900.00),
(18, '95637163712', 'c', 7, 'Dhaka', 'Kurigram', '12345', 'G1', 'shagor6', '2025-02-05', 900.00),
(19, '95637163712', 'd', 7, 'Dhaka', 'Kurigram', '12345', 'G2', 'shagor6', '2025-02-05', 900.00),
(20, '55032115738', 'a', 7, 'Dhaka', 'Kurigram', '12345', 'F1', 'shagor6', '2025-02-05', 900.00),
(21, '55032115738', 'v', 7, 'Dhaka', 'Kurigram', '12345', 'F2', 'shagor6', '2025-02-05', 900.00),
(22, '55032115738', 'c', 7, 'Dhaka', 'Kurigram', '12345', 'G1', 'shagor6', '2025-02-05', 900.00),
(23, '55032115738', 'd', 7, 'Dhaka', 'Kurigram', '12345', 'G2', 'shagor6', '2025-02-05', 900.00),
(24, '21543412097', 'as', 7, 'Dhaka', 'Kurigram', '12345', 'E2', 'shagor6', '2025-02-05', 900.00),
(25, '73878107164', 'H', 7, 'Dhaka', 'Kurigram', '12345', 'G3', 'sh@gm.com', '2025-02-05', 900.00),
(26, '73878107164', 'K', 7, 'Dhaka', 'Kurigram', '12345', 'G4', 'sh@gm.com', '2025-02-05', 900.00),
(27, '68527635796', 'S', 11, 'Dhaka', 'Bogra', '12345', 'E3', 'shagor2', '2025-02-07', 500.00),
(28, '68527635796', 'ss', 11, 'Dhaka', 'Bogra', '12345', 'E4', 'shagor2', '2025-02-07', 500.00),
(29, '12646479384', 'ami', 24, 'Dhaka', 'Gopalganj', '12345', 'C1', 'shagor2', '2025-02-08', 500.00),
(30, '12646479384', 'ticket', 24, 'Dhaka', 'Gopalganj', '12345', 'C2', 'shagor2', '2025-02-08', 500.00),
(31, '12646479384', 'booking', 24, 'Dhaka', 'Gopalganj', '12345', 'D1', 'shagor2', '2025-02-08', 500.00),
(32, '12646479384', 'dicci', 24, 'Dhaka', 'Gopalganj', '12345', 'D2', 'shagor2', '2025-02-08', 500.00),
(35, '81485748571', 'Shagor', 28, 'Dhaka', 'Khulna', '12345', 'D3', 'admin@test.com', '2025-02-13', 650.00),
(36, '81485748571', 'Shaom', 28, 'Dhaka', 'Khulna', '12345', 'E3', 'admin@test.com', '2025-02-13', 650.00),
(37, '87219494189', 'A', 28, 'Dhaka', 'Khulna', '12345', 'C3', 'admin@test.com', '2025-02-13', 650.00),
(38, '87219494189', 'a', 28, 'Dhaka', 'Khulna', '12345', 'C4', 'admin@test.com', '2025-02-13', 650.00),
(39, '87219494189', 'a', 28, 'Dhaka', 'Khulna', '12345', 'D4', 'admin@test.com', '2025-02-13', 650.00),
(40, '97712184966', 'S', 32, 'RGhha2E=', 'Q2hhdHRvZ3JhbQ==', '12345', 'C2', 'admin@test.com', '2025-02-14', 650.00),
(41, '97712184966', 'D', 32, 'RGhha2E=', 'Q2hhdHRvZ3JhbQ==', '12345', 'D2', 'admin@test.com', '2025-02-14', 650.00),
(48, '52371006804', 'Jk', 32, 'Dhaka', 'Feni', '12345', 'E4', 'test@sha.com', '2025-02-15', 550.00),
(49, '52371006804', 'Sopnil', 32, 'Dhaka', 'Feni', '12345', 'F4', 'test@sha.com', '2025-02-15', 550.00),
(50, '23785246414', 'Jakir', 32, 'Dhaka', 'Feni', '12345', 'G4', 'jk@t.com', '2025-02-15', 550.00),
(51, '23785246414', 'Liz', 32, 'Dhaka', 'Feni', '12345', 'H3', 'jk@t.com', '2025-02-15', 550.00),
(52, '89384186788', 'Shagor', 32, 'Dhaka', 'Feni', '12345', 'C3', 'jk@t.com', '2025-02-15', 550.00),
(53, '89384186788', 'Shagor', 32, 'Dhaka', 'Feni', '12345', 'C4', 'jk@t.com', '2025-02-15', 550.00),
(54, '89384186788', 'Shagor', 32, 'Dhaka', 'Feni', '12345', 'D3', 'jk@t.com', '2025-02-15', 550.00),
(55, '89384186788', 'Shagor', 32, 'Dhaka', 'Feni', '12345', 'D4', 'jk@t.com', '2025-02-15', 550.00),
(62, '21094007944', 's', 44, 'Dhaka (Chandra)', 'Barisal', '12345', 'D3', 'admin@test.com', '2025-02-16', 650.00),
(63, '21094007944', 's', 44, 'Dhaka (Chandra)', 'Barisal', '12345', 'E3', 'admin@test.com', '2025-02-16', 650.00),
(64, '85486492259', 'tes', 44, 'Gazipur', 'Kuakata', '12345', 'C1', 'admin@test.com', '2025-02-16', 700.00),
(65, '85486492259', 'tes', 44, 'Gazipur', 'Kuakata', '12345', 'C2', 'admin@test.com', '2025-02-16', 700.00),
(66, '17064813770', 'S', 302, 'Dhaka', 'Feni', '12345', 'C4', 'admin@test.com', '2025-02-16', 550.00),
(67, '17064813770', 'S', 302, 'Dhaka', 'Feni', '12345', 'D4', 'admin@test.com', '2025-02-16', 550.00),
(68, '17064813770', 'S', 302, 'Dhaka', 'Feni', '12345', 'E4', 'admin@test.com', '2025-02-16', 550.00),
(69, '17064813770', 'S', 302, 'Dhaka', 'Feni', '12345', 'F4', 'admin@test.com', '2025-02-16', 550.00),
(70, '87006962899', 'S', 302, 'Dhaka', 'Feni', '12345', 'C4', 'admin@test.com', '2025-02-16', 550.00),
(71, '87006962899', 'S', 302, 'Dhaka', 'Feni', '12345', 'D4', 'admin@test.com', '2025-02-16', 550.00),
(72, '87006962899', 'S', 302, 'Dhaka', 'Feni', '12345', 'E4', 'admin@test.com', '2025-02-16', 550.00),
(73, '87006962899', 'S', 302, 'Dhaka', 'Feni', '12345', 'F4', 'admin@test.com', '2025-02-16', 550.00),
(74, '46663773099', 's', 1293, 'Dhaka', 'Rangpur', '12345', 'D1', 'admin@test.com', '2025-02-17', 800.00),
(75, '46663773099', 's', 1293, 'Dhaka', 'Rangpur', '12345', 'D2', 'admin@test.com', '2025-02-17', 800.00),
(76, '46663773099', 's', 1293, 'Dhaka', 'Rangpur', '12345', 'E1', 'admin@test.com', '2025-02-17', 800.00),
(77, '46663773099', 's', 1293, 'Dhaka', 'Rangpur', '12345', 'E2', 'admin@test.com', '2025-02-17', 800.00),
(78, '20970181147', 's', 363, 'Dhaka', 'Feni', '12345', 'C2', 'admin@test.com', '2025-02-17', 500.00),
(79, '20970181147', 's', 363, 'Dhaka', 'Feni', '12345', 'E2', 'admin@test.com', '2025-02-17', 500.00),
(80, '20970181147', 's', 363, 'Dhaka', 'Feni', '12345', 'D4', 'admin@test.com', '2025-02-17', 500.00),
(81, '20970181147', 's', 363, 'Dhaka', 'Feni', '12345', 'H4', 'admin@test.com', '2025-02-17', 500.00);

-- --------------------------------------------------------

--
-- Table structure for table `trips`
--

CREATE TABLE `trips` (
  `trip_id` int(11) NOT NULL,
  `coach_id` int(11) UNSIGNED NOT NULL,
  `departure_date` date NOT NULL,
  `trip_status` int(11) NOT NULL DEFAULT 0
) ENGINE=InnoDB DEFAULT CHARSET=utf8mb4 COLLATE=utf8mb4_general_ci;

--
-- Dumping data for table `trips`
--

INSERT INTO `trips` (`trip_id`, `coach_id`, `departure_date`, `trip_status`) VALUES
(1, 1, '2025-02-16', 1),
(2, 1, '2025-02-17', 1),
(3, 1, '2025-02-18', 1),
(4, 1, '2025-02-19', 1),
(5, 1, '2025-02-20', 1),
(6, 1, '2025-02-21', 1),
(7, 1, '2025-02-22', 1),
(8, 1, '2025-02-23', 1),
(9, 1, '2025-02-24', 1),
(10, 1, '2025-02-25', 1),
(11, 1, '2025-02-26', 1),
(12, 1, '2025-02-27', 1),
(13, 1, '2025-02-28', 1),
(14, 1, '2025-03-01', 1),
(15, 1, '2025-03-02', 1),
(16, 1, '2025-03-03', 1),
(17, 1, '2025-03-04', 1),
(18, 1, '2025-03-05', 1),
(19, 1, '2025-03-06', 1),
(20, 1, '2025-03-07', 1),
(21, 1, '2025-03-08', 1),
(22, 1, '2025-03-09', 1),
(23, 1, '2025-03-10', 1),
(24, 1, '2025-03-11', 1),
(25, 1, '2025-03-12', 1),
(26, 1, '2025-03-13', 1),
(27, 1, '2025-03-14', 1),
(28, 1, '2025-03-15', 1),
(29, 1, '2025-03-16', 1),
(30, 1, '2025-03-17', 1),
(31, 2, '2025-02-16', 1),
(32, 2, '2025-02-17', 1),
(33, 2, '2025-02-18', 1),
(34, 2, '2025-02-19', 1),
(35, 2, '2025-02-20', 1),
(36, 2, '2025-02-21', 1),
(37, 2, '2025-02-22', 1),
(38, 2, '2025-02-23', 1),
(39, 2, '2025-02-24', 1),
(40, 2, '2025-02-25', 1),
(41, 2, '2025-02-26', 1),
(42, 2, '2025-02-27', 1),
(43, 2, '2025-02-28', 1),
(44, 2, '2025-03-01', 1),
(45, 2, '2025-03-02', 1),
(46, 2, '2025-03-03', 1),
(47, 2, '2025-03-04', 1),
(48, 2, '2025-03-05', 1),
(49, 2, '2025-03-06', 1),
(50, 2, '2025-03-07', 1),
(51, 2, '2025-03-08', 1),
(52, 2, '2025-03-09', 1),
(53, 2, '2025-03-10', 1),
(54, 2, '2025-03-11', 1),
(55, 2, '2025-03-12', 1),
(56, 2, '2025-03-13', 1),
(57, 2, '2025-03-14', 1),
(58, 2, '2025-03-15', 1),
(59, 2, '2025-03-16', 1),
(60, 2, '2025-03-17', 1),
(61, 3, '2025-02-16', 1),
(62, 3, '2025-02-17', 1),
(63, 3, '2025-02-18', 1),
(64, 3, '2025-02-19', 1),
(65, 3, '2025-02-20', 1),
(66, 3, '2025-02-21', 1),
(67, 3, '2025-02-22', 1),
(68, 3, '2025-02-23', 1),
(69, 3, '2025-02-24', 1),
(70, 3, '2025-02-25', 1),
(71, 3, '2025-02-26', 1),
(72, 3, '2025-02-27', 1),
(73, 3, '2025-02-28', 1),
(74, 3, '2025-03-01', 1),
(75, 3, '2025-03-02', 1),
(76, 3, '2025-03-03', 1),
(77, 3, '2025-03-04', 1),
(78, 3, '2025-03-05', 1),
(79, 3, '2025-03-06', 1),
(80, 3, '2025-03-07', 1),
(81, 3, '2025-03-08', 1),
(82, 3, '2025-03-09', 1),
(83, 3, '2025-03-10', 1),
(84, 3, '2025-03-11', 1),
(85, 3, '2025-03-12', 1),
(86, 3, '2025-03-13', 1),
(87, 3, '2025-03-14', 1),
(88, 3, '2025-03-15', 1),
(89, 3, '2025-03-16', 1),
(90, 3, '2025-03-17', 1),
(91, 4, '2025-02-16', 1),
(92, 4, '2025-02-17', 1),
(93, 4, '2025-02-18', 1),
(94, 4, '2025-02-19', 1),
(95, 4, '2025-02-20', 1),
(96, 4, '2025-02-21', 1),
(97, 4, '2025-02-22', 1),
(98, 4, '2025-02-23', 1),
(99, 4, '2025-02-24', 1),
(100, 4, '2025-02-25', 1),
(101, 4, '2025-02-26', 1),
(102, 4, '2025-02-27', 1),
(103, 4, '2025-02-28', 1),
(104, 4, '2025-03-01', 1),
(105, 4, '2025-03-02', 1),
(106, 4, '2025-03-03', 1),
(107, 4, '2025-03-04', 1),
(108, 4, '2025-03-05', 1),
(109, 4, '2025-03-06', 1),
(110, 4, '2025-03-07', 1),
(111, 4, '2025-03-08', 1),
(112, 4, '2025-03-09', 1),
(113, 4, '2025-03-10', 1),
(114, 4, '2025-03-11', 1),
(115, 4, '2025-03-12', 1),
(116, 4, '2025-03-13', 1),
(117, 4, '2025-03-14', 1),
(118, 4, '2025-03-15', 1),
(119, 4, '2025-03-16', 1),
(120, 4, '2025-03-17', 1),
(121, 5, '2025-02-16', 1),
(122, 5, '2025-02-17', 1),
(123, 5, '2025-02-18', 1),
(124, 5, '2025-02-19', 1),
(125, 5, '2025-02-20', 1),
(126, 5, '2025-02-21', 1),
(127, 5, '2025-02-22', 1),
(128, 5, '2025-02-23', 1),
(129, 5, '2025-02-24', 1),
(130, 5, '2025-02-25', 1),
(131, 5, '2025-02-26', 1),
(132, 5, '2025-02-27', 1),
(133, 5, '2025-02-28', 1),
(134, 5, '2025-03-01', 1),
(135, 5, '2025-03-02', 1),
(136, 5, '2025-03-03', 1),
(137, 5, '2025-03-04', 1),
(138, 5, '2025-03-05', 1),
(139, 5, '2025-03-06', 1),
(140, 5, '2025-03-07', 1),
(141, 5, '2025-03-08', 1),
(142, 5, '2025-03-09', 1),
(143, 5, '2025-03-10', 1),
(144, 5, '2025-03-11', 1),
(145, 5, '2025-03-12', 1),
(146, 5, '2025-03-13', 1),
(147, 5, '2025-03-14', 1),
(148, 5, '2025-03-15', 1),
(149, 5, '2025-03-16', 1),
(150, 5, '2025-03-17', 1),
(151, 6, '2025-02-16', 1),
(152, 6, '2025-02-17', 1),
(153, 6, '2025-02-18', 1),
(154, 6, '2025-02-19', 1),
(155, 6, '2025-02-20', 1),
(156, 6, '2025-02-21', 1),
(157, 6, '2025-02-22', 1),
(158, 6, '2025-02-23', 1),
(159, 6, '2025-02-24', 1),
(160, 6, '2025-02-25', 1),
(161, 6, '2025-02-26', 1),
(162, 6, '2025-02-27', 1),
(163, 6, '2025-02-28', 1),
(164, 6, '2025-03-01', 1),
(165, 6, '2025-03-02', 1),
(166, 6, '2025-03-03', 1),
(167, 6, '2025-03-04', 1),
(168, 6, '2025-03-05', 1),
(169, 6, '2025-03-06', 1),
(170, 6, '2025-03-07', 1),
(171, 6, '2025-03-08', 1),
(172, 6, '2025-03-09', 1),
(173, 6, '2025-03-10', 1),
(174, 6, '2025-03-11', 1),
(175, 6, '2025-03-12', 1),
(176, 6, '2025-03-13', 1),
(177, 6, '2025-03-14', 1),
(178, 6, '2025-03-15', 1),
(179, 6, '2025-03-16', 1),
(180, 6, '2025-03-17', 1),
(181, 7, '2025-02-16', 1),
(182, 7, '2025-02-17', 1),
(183, 7, '2025-02-18', 1),
(184, 7, '2025-02-19', 1),
(185, 7, '2025-02-20', 1),
(186, 7, '2025-02-21', 1),
(187, 7, '2025-02-22', 1),
(188, 7, '2025-02-23', 1),
(189, 7, '2025-02-24', 1),
(190, 7, '2025-02-25', 1),
(191, 7, '2025-02-26', 1),
(192, 7, '2025-02-27', 1),
(193, 7, '2025-02-28', 1),
(194, 7, '2025-03-01', 1),
(195, 7, '2025-03-02', 1),
(196, 7, '2025-03-03', 1),
(197, 7, '2025-03-04', 1),
(198, 7, '2025-03-05', 1),
(199, 7, '2025-03-06', 1),
(200, 7, '2025-03-07', 1),
(201, 7, '2025-03-08', 1),
(202, 7, '2025-03-09', 1),
(203, 7, '2025-03-10', 1),
(204, 7, '2025-03-11', 1),
(205, 7, '2025-03-12', 1),
(206, 7, '2025-03-13', 1),
(207, 7, '2025-03-14', 1),
(208, 7, '2025-03-15', 1),
(209, 7, '2025-03-16', 1),
(210, 7, '2025-03-17', 1),
(211, 8, '2025-02-16', 1),
(212, 8, '2025-02-17', 1),
(213, 8, '2025-02-18', 1),
(214, 8, '2025-02-19', 1),
(215, 8, '2025-02-20', 1),
(216, 8, '2025-02-21', 1),
(217, 8, '2025-02-22', 1),
(218, 8, '2025-02-23', 1),
(219, 8, '2025-02-24', 1),
(220, 8, '2025-02-25', 1),
(221, 8, '2025-02-26', 1),
(222, 8, '2025-02-27', 1),
(223, 8, '2025-02-28', 1),
(224, 8, '2025-03-01', 1),
(225, 8, '2025-03-02', 1),
(226, 8, '2025-03-03', 1),
(227, 8, '2025-03-04', 1),
(228, 8, '2025-03-05', 1),
(229, 8, '2025-03-06', 1),
(230, 8, '2025-03-07', 1),
(231, 8, '2025-03-08', 1),
(232, 8, '2025-03-09', 1),
(233, 8, '2025-03-10', 1),
(234, 8, '2025-03-11', 1),
(235, 8, '2025-03-12', 1),
(236, 8, '2025-03-13', 1),
(237, 8, '2025-03-14', 1),
(238, 8, '2025-03-15', 1),
(239, 8, '2025-03-16', 1),
(240, 8, '2025-03-17', 1),
(241, 9, '2025-02-16', 1),
(242, 9, '2025-02-17', 1),
(243, 9, '2025-02-18', 1),
(244, 9, '2025-02-19', 1),
(245, 9, '2025-02-20', 1),
(246, 9, '2025-02-21', 1),
(247, 9, '2025-02-22', 1),
(248, 9, '2025-02-23', 1),
(249, 9, '2025-02-24', 1),
(250, 9, '2025-02-25', 1),
(251, 9, '2025-02-26', 1),
(252, 9, '2025-02-27', 1),
(253, 9, '2025-02-28', 1),
(254, 9, '2025-03-01', 1),
(255, 9, '2025-03-02', 1),
(256, 9, '2025-03-03', 1),
(257, 9, '2025-03-04', 1),
(258, 9, '2025-03-05', 1),
(259, 9, '2025-03-06', 1),
(260, 9, '2025-03-07', 1),
(261, 9, '2025-03-08', 1),
(262, 9, '2025-03-09', 1),
(263, 9, '2025-03-10', 1),
(264, 9, '2025-03-11', 1),
(265, 9, '2025-03-12', 1),
(266, 9, '2025-03-13', 1),
(267, 9, '2025-03-14', 1),
(268, 9, '2025-03-15', 1),
(269, 9, '2025-03-16', 1),
(270, 9, '2025-03-17', 1),
(271, 10, '2025-02-16', 1),
(272, 10, '2025-02-17', 1),
(273, 10, '2025-02-18', 1),
(274, 10, '2025-02-19', 1),
(275, 10, '2025-02-20', 1),
(276, 10, '2025-02-21', 1),
(277, 10, '2025-02-22', 1),
(278, 10, '2025-02-23', 1),
(279, 10, '2025-02-24', 1),
(280, 10, '2025-02-25', 1),
(281, 10, '2025-02-26', 1),
(282, 10, '2025-02-27', 1),
(283, 10, '2025-02-28', 1),
(284, 10, '2025-03-01', 1),
(285, 10, '2025-03-02', 1),
(286, 10, '2025-03-03', 1),
(287, 10, '2025-03-04', 1),
(288, 10, '2025-03-05', 1),
(289, 10, '2025-03-06', 1),
(290, 10, '2025-03-07', 1),
(291, 10, '2025-03-08', 1),
(292, 10, '2025-03-09', 1),
(293, 10, '2025-03-10', 1),
(294, 10, '2025-03-11', 1),
(295, 10, '2025-03-12', 1),
(296, 10, '2025-03-13', 1),
(297, 10, '2025-03-14', 1),
(298, 10, '2025-03-15', 1),
(299, 10, '2025-03-16', 1),
(300, 10, '2025-03-17', 1),
(301, 11, '2025-02-16', 1),
(302, 11, '2025-02-17', 1),
(303, 11, '2025-02-18', 1),
(304, 11, '2025-02-19', 1),
(305, 11, '2025-02-20', 1),
(306, 11, '2025-02-21', 1),
(307, 11, '2025-02-22', 1),
(308, 11, '2025-02-23', 1),
(309, 11, '2025-02-24', 1),
(310, 11, '2025-02-25', 1),
(311, 11, '2025-02-26', 1),
(312, 11, '2025-02-27', 1),
(313, 11, '2025-02-28', 1),
(314, 11, '2025-03-01', 1),
(315, 11, '2025-03-02', 1),
(316, 11, '2025-03-03', 1),
(317, 11, '2025-03-04', 1),
(318, 11, '2025-03-05', 1),
(319, 11, '2025-03-06', 1),
(320, 11, '2025-03-07', 1),
(321, 11, '2025-03-08', 1),
(322, 11, '2025-03-09', 1),
(323, 11, '2025-03-10', 1),
(324, 11, '2025-03-11', 1),
(325, 11, '2025-03-12', 1),
(326, 11, '2025-03-13', 1),
(327, 11, '2025-03-14', 1),
(328, 11, '2025-03-15', 1),
(329, 11, '2025-03-16', 1),
(330, 11, '2025-03-17', 1),
(331, 12, '2025-02-16', 1),
(332, 12, '2025-02-17', 1),
(333, 12, '2025-02-18', 1),
(334, 12, '2025-02-19', 1),
(335, 12, '2025-02-20', 1),
(336, 12, '2025-02-21', 1),
(337, 12, '2025-02-22', 1),
(338, 12, '2025-02-23', 1),
(339, 12, '2025-02-24', 1),
(340, 12, '2025-02-25', 1),
(341, 12, '2025-02-26', 1),
(342, 12, '2025-02-27', 1),
(343, 12, '2025-02-28', 1),
(344, 12, '2025-03-01', 1),
(345, 12, '2025-03-02', 1),
(346, 12, '2025-03-03', 1),
(347, 12, '2025-03-04', 1),
(348, 12, '2025-03-05', 1),
(349, 12, '2025-03-06', 1),
(350, 12, '2025-03-07', 1),
(351, 12, '2025-03-08', 1),
(352, 12, '2025-03-09', 1),
(353, 12, '2025-03-10', 1),
(354, 12, '2025-03-11', 1),
(355, 12, '2025-03-12', 1),
(356, 12, '2025-03-13', 1),
(357, 12, '2025-03-14', 1),
(358, 12, '2025-03-15', 1),
(359, 12, '2025-03-16', 1),
(360, 12, '2025-03-17', 1),
(361, 13, '2025-02-16', 1),
(362, 13, '2025-02-17', 1),
(363, 13, '2025-02-18', 1),
(364, 13, '2025-02-19', 1),
(365, 13, '2025-02-20', 1),
(366, 13, '2025-02-21', 1),
(367, 13, '2025-02-22', 1),
(368, 13, '2025-02-23', 1),
(369, 13, '2025-02-24', 1),
(370, 13, '2025-02-25', 1),
(371, 13, '2025-02-26', 1),
(372, 13, '2025-02-27', 1),
(373, 13, '2025-02-28', 1),
(374, 13, '2025-03-01', 1),
(375, 13, '2025-03-02', 1),
(376, 13, '2025-03-03', 1),
(377, 13, '2025-03-04', 1),
(378, 13, '2025-03-05', 1),
(379, 13, '2025-03-06', 1),
(380, 13, '2025-03-07', 1),
(381, 13, '2025-03-08', 1),
(382, 13, '2025-03-09', 1),
(383, 13, '2025-03-10', 1),
(384, 13, '2025-03-11', 1),
(385, 13, '2025-03-12', 1),
(386, 13, '2025-03-13', 1),
(387, 13, '2025-03-14', 1),
(388, 13, '2025-03-15', 1),
(389, 13, '2025-03-16', 1),
(390, 13, '2025-03-17', 1),
(391, 14, '2025-02-16', 1),
(392, 14, '2025-02-17', 1),
(393, 14, '2025-02-18', 1),
(394, 14, '2025-02-19', 1),
(395, 14, '2025-02-20', 1),
(396, 14, '2025-02-21', 1),
(397, 14, '2025-02-22', 1),
(398, 14, '2025-02-23', 1),
(399, 14, '2025-02-24', 1),
(400, 14, '2025-02-25', 1),
(401, 14, '2025-02-26', 1),
(402, 14, '2025-02-27', 1),
(403, 14, '2025-02-28', 1),
(404, 14, '2025-03-01', 1),
(405, 14, '2025-03-02', 1),
(406, 14, '2025-03-03', 1),
(407, 14, '2025-03-04', 1),
(408, 14, '2025-03-05', 1),
(409, 14, '2025-03-06', 1),
(410, 14, '2025-03-07', 1),
(411, 14, '2025-03-08', 1),
(412, 14, '2025-03-09', 1),
(413, 14, '2025-03-10', 1),
(414, 14, '2025-03-11', 1),
(415, 14, '2025-03-12', 1),
(416, 14, '2025-03-13', 1),
(417, 14, '2025-03-14', 1),
(418, 14, '2025-03-15', 1),
(419, 14, '2025-03-16', 1),
(420, 14, '2025-03-17', 1),
(421, 15, '2025-02-16', 1),
(422, 15, '2025-02-17', 1),
(423, 15, '2025-02-18', 1),
(424, 15, '2025-02-19', 1),
(425, 15, '2025-02-20', 1),
(426, 15, '2025-02-21', 1),
(427, 15, '2025-02-22', 1),
(428, 15, '2025-02-23', 1),
(429, 15, '2025-02-24', 1),
(430, 15, '2025-02-25', 1),
(431, 15, '2025-02-26', 1),
(432, 15, '2025-02-27', 1),
(433, 15, '2025-02-28', 1),
(434, 15, '2025-03-01', 1),
(435, 15, '2025-03-02', 1),
(436, 15, '2025-03-03', 1),
(437, 15, '2025-03-04', 1),
(438, 15, '2025-03-05', 1),
(439, 15, '2025-03-06', 1),
(440, 15, '2025-03-07', 1),
(441, 15, '2025-03-08', 1),
(442, 15, '2025-03-09', 1),
(443, 15, '2025-03-10', 1),
(444, 15, '2025-03-11', 1),
(445, 15, '2025-03-12', 1),
(446, 15, '2025-03-13', 1),
(447, 15, '2025-03-14', 1),
(448, 15, '2025-03-15', 1),
(449, 15, '2025-03-16', 1),
(450, 15, '2025-03-17', 1),
(451, 16, '2025-02-16', 1),
(452, 16, '2025-02-17', 1),
(453, 16, '2025-02-18', 1),
(454, 16, '2025-02-19', 1),
(455, 16, '2025-02-20', 1),
(456, 16, '2025-02-21', 1),
(457, 16, '2025-02-22', 1),
(458, 16, '2025-02-23', 1),
(459, 16, '2025-02-24', 1),
(460, 16, '2025-02-25', 1),
(461, 16, '2025-02-26', 1),
(462, 16, '2025-02-27', 1),
(463, 16, '2025-02-28', 1),
(464, 16, '2025-03-01', 1),
(465, 16, '2025-03-02', 1),
(466, 16, '2025-03-03', 1),
(467, 16, '2025-03-04', 1),
(468, 16, '2025-03-05', 1),
(469, 16, '2025-03-06', 1),
(470, 16, '2025-03-07', 1),
(471, 16, '2025-03-08', 1),
(472, 16, '2025-03-09', 1),
(473, 16, '2025-03-10', 1),
(474, 16, '2025-03-11', 1),
(475, 16, '2025-03-12', 1),
(476, 16, '2025-03-13', 1),
(477, 16, '2025-03-14', 1),
(478, 16, '2025-03-15', 1),
(479, 16, '2025-03-16', 1),
(480, 16, '2025-03-17', 1),
(481, 17, '2025-02-16', 1),
(482, 17, '2025-02-17', 1),
(483, 17, '2025-02-18', 1),
(484, 17, '2025-02-19', 1),
(485, 17, '2025-02-20', 1),
(486, 17, '2025-02-21', 1),
(487, 17, '2025-02-22', 1),
(488, 17, '2025-02-23', 1),
(489, 17, '2025-02-24', 1),
(490, 17, '2025-02-25', 1),
(491, 17, '2025-02-26', 1),
(492, 17, '2025-02-27', 1),
(493, 17, '2025-02-28', 1),
(494, 17, '2025-03-01', 1),
(495, 17, '2025-03-02', 1),
(496, 17, '2025-03-03', 1),
(497, 17, '2025-03-04', 1),
(498, 17, '2025-03-05', 1),
(499, 17, '2025-03-06', 1),
(500, 17, '2025-03-07', 1),
(501, 17, '2025-03-08', 1),
(502, 17, '2025-03-09', 1),
(503, 17, '2025-03-10', 1),
(504, 17, '2025-03-11', 1),
(505, 17, '2025-03-12', 1),
(506, 17, '2025-03-13', 1),
(507, 17, '2025-03-14', 1),
(508, 17, '2025-03-15', 1),
(509, 17, '2025-03-16', 1),
(510, 17, '2025-03-17', 1),
(511, 18, '2025-02-16', 1),
(512, 18, '2025-02-17', 1),
(513, 18, '2025-02-18', 1),
(514, 18, '2025-02-19', 1),
(515, 18, '2025-02-20', 1),
(516, 18, '2025-02-21', 1),
(517, 18, '2025-02-22', 1),
(518, 18, '2025-02-23', 1),
(519, 18, '2025-02-24', 1),
(520, 18, '2025-02-25', 1),
(521, 18, '2025-02-26', 1),
(522, 18, '2025-02-27', 1),
(523, 18, '2025-02-28', 1),
(524, 18, '2025-03-01', 1),
(525, 18, '2025-03-02', 1),
(526, 18, '2025-03-03', 1),
(527, 18, '2025-03-04', 1),
(528, 18, '2025-03-05', 1),
(529, 18, '2025-03-06', 1),
(530, 18, '2025-03-07', 1),
(531, 18, '2025-03-08', 1),
(532, 18, '2025-03-09', 1),
(533, 18, '2025-03-10', 1),
(534, 18, '2025-03-11', 1),
(535, 18, '2025-03-12', 1),
(536, 18, '2025-03-13', 1),
(537, 18, '2025-03-14', 1),
(538, 18, '2025-03-15', 1),
(539, 18, '2025-03-16', 1),
(540, 18, '2025-03-17', 1),
(541, 19, '2025-02-16', 1),
(542, 19, '2025-02-17', 1),
(543, 19, '2025-02-18', 1),
(544, 19, '2025-02-19', 1),
(545, 19, '2025-02-20', 1),
(546, 19, '2025-02-21', 1),
(547, 19, '2025-02-22', 1),
(548, 19, '2025-02-23', 1),
(549, 19, '2025-02-24', 1),
(550, 19, '2025-02-25', 1),
(551, 19, '2025-02-26', 1),
(552, 19, '2025-02-27', 1),
(553, 19, '2025-02-28', 1),
(554, 19, '2025-03-01', 1),
(555, 19, '2025-03-02', 1),
(556, 19, '2025-03-03', 1),
(557, 19, '2025-03-04', 1),
(558, 19, '2025-03-05', 1),
(559, 19, '2025-03-06', 1),
(560, 19, '2025-03-07', 1),
(561, 19, '2025-03-08', 1),
(562, 19, '2025-03-09', 1),
(563, 19, '2025-03-10', 1),
(564, 19, '2025-03-11', 1),
(565, 19, '2025-03-12', 1),
(566, 19, '2025-03-13', 1),
(567, 19, '2025-03-14', 1),
(568, 19, '2025-03-15', 1),
(569, 19, '2025-03-16', 1),
(570, 19, '2025-03-17', 1),
(571, 20, '2025-02-16', 1),
(572, 20, '2025-02-17', 1),
(573, 20, '2025-02-18', 1),
(574, 20, '2025-02-19', 1),
(575, 20, '2025-02-20', 1),
(576, 20, '2025-02-21', 1),
(577, 20, '2025-02-22', 1),
(578, 20, '2025-02-23', 1),
(579, 20, '2025-02-24', 1),
(580, 20, '2025-02-25', 1),
(581, 20, '2025-02-26', 1),
(582, 20, '2025-02-27', 1),
(583, 20, '2025-02-28', 1),
(584, 20, '2025-03-01', 1),
(585, 20, '2025-03-02', 1),
(586, 20, '2025-03-03', 1),
(587, 20, '2025-03-04', 1),
(588, 20, '2025-03-05', 1),
(589, 20, '2025-03-06', 1),
(590, 20, '2025-03-07', 1),
(591, 20, '2025-03-08', 1),
(592, 20, '2025-03-09', 1),
(593, 20, '2025-03-10', 1),
(594, 20, '2025-03-11', 1),
(595, 20, '2025-03-12', 1),
(596, 20, '2025-03-13', 1),
(597, 20, '2025-03-14', 1),
(598, 20, '2025-03-15', 1),
(599, 20, '2025-03-16', 1),
(600, 20, '2025-03-17', 1),
(601, 21, '2025-02-16', 1),
(602, 21, '2025-02-17', 1),
(603, 21, '2025-02-18', 1),
(604, 21, '2025-02-19', 1),
(605, 21, '2025-02-20', 1),
(606, 21, '2025-02-21', 1),
(607, 21, '2025-02-22', 1),
(608, 21, '2025-02-23', 1),
(609, 21, '2025-02-24', 1),
(610, 21, '2025-02-25', 1),
(611, 21, '2025-02-26', 1),
(612, 21, '2025-02-27', 1),
(613, 21, '2025-02-28', 1),
(614, 21, '2025-03-01', 1),
(615, 21, '2025-03-02', 1),
(616, 21, '2025-03-03', 1),
(617, 21, '2025-03-04', 1),
(618, 21, '2025-03-05', 1),
(619, 21, '2025-03-06', 1),
(620, 21, '2025-03-07', 1),
(621, 21, '2025-03-08', 1),
(622, 21, '2025-03-09', 1),
(623, 21, '2025-03-10', 1),
(624, 21, '2025-03-11', 1),
(625, 21, '2025-03-12', 1),
(626, 21, '2025-03-13', 1),
(627, 21, '2025-03-14', 1),
(628, 21, '2025-03-15', 1),
(629, 21, '2025-03-16', 1),
(630, 21, '2025-03-17', 1),
(631, 22, '2025-02-16', 1),
(632, 22, '2025-02-17', 1),
(633, 22, '2025-02-18', 1),
(634, 22, '2025-02-19', 1),
(635, 22, '2025-02-20', 1),
(636, 22, '2025-02-21', 1),
(637, 22, '2025-02-22', 1),
(638, 22, '2025-02-23', 1),
(639, 22, '2025-02-24', 1),
(640, 22, '2025-02-25', 1),
(641, 22, '2025-02-26', 1),
(642, 22, '2025-02-27', 1),
(643, 22, '2025-02-28', 1),
(644, 22, '2025-03-01', 1),
(645, 22, '2025-03-02', 1),
(646, 22, '2025-03-03', 1),
(647, 22, '2025-03-04', 1),
(648, 22, '2025-03-05', 1),
(649, 22, '2025-03-06', 1),
(650, 22, '2025-03-07', 1),
(651, 22, '2025-03-08', 1),
(652, 22, '2025-03-09', 1),
(653, 22, '2025-03-10', 1),
(654, 22, '2025-03-11', 1),
(655, 22, '2025-03-12', 1),
(656, 22, '2025-03-13', 1),
(657, 22, '2025-03-14', 1),
(658, 22, '2025-03-15', 1),
(659, 22, '2025-03-16', 1),
(660, 22, '2025-03-17', 1),
(661, 23, '2025-02-16', 1),
(662, 23, '2025-02-17', 1),
(663, 23, '2025-02-18', 1),
(664, 23, '2025-02-19', 1),
(665, 23, '2025-02-20', 1),
(666, 23, '2025-02-21', 1),
(667, 23, '2025-02-22', 1),
(668, 23, '2025-02-23', 1),
(669, 23, '2025-02-24', 1),
(670, 23, '2025-02-25', 1),
(671, 23, '2025-02-26', 1),
(672, 23, '2025-02-27', 1),
(673, 23, '2025-02-28', 1),
(674, 23, '2025-03-01', 1),
(675, 23, '2025-03-02', 1),
(676, 23, '2025-03-03', 1),
(677, 23, '2025-03-04', 1),
(678, 23, '2025-03-05', 1),
(679, 23, '2025-03-06', 1),
(680, 23, '2025-03-07', 1),
(681, 23, '2025-03-08', 1),
(682, 23, '2025-03-09', 1),
(683, 23, '2025-03-10', 1),
(684, 23, '2025-03-11', 1),
(685, 23, '2025-03-12', 1),
(686, 23, '2025-03-13', 1),
(687, 23, '2025-03-14', 1),
(688, 23, '2025-03-15', 1),
(689, 23, '2025-03-16', 1),
(690, 23, '2025-03-17', 1),
(691, 24, '2025-02-16', 1),
(692, 24, '2025-02-17', 1),
(693, 24, '2025-02-18', 1),
(694, 24, '2025-02-19', 1),
(695, 24, '2025-02-20', 1),
(696, 24, '2025-02-21', 1),
(697, 24, '2025-02-22', 1),
(698, 24, '2025-02-23', 1),
(699, 24, '2025-02-24', 1),
(700, 24, '2025-02-25', 1),
(701, 24, '2025-02-26', 1),
(702, 24, '2025-02-27', 1),
(703, 24, '2025-02-28', 1),
(704, 24, '2025-03-01', 1),
(705, 24, '2025-03-02', 1),
(706, 24, '2025-03-03', 1),
(707, 24, '2025-03-04', 1),
(708, 24, '2025-03-05', 1),
(709, 24, '2025-03-06', 1),
(710, 24, '2025-03-07', 1),
(711, 24, '2025-03-08', 1),
(712, 24, '2025-03-09', 1),
(713, 24, '2025-03-10', 1),
(714, 24, '2025-03-11', 1),
(715, 24, '2025-03-12', 1),
(716, 24, '2025-03-13', 1),
(717, 24, '2025-03-14', 1),
(718, 24, '2025-03-15', 1),
(719, 24, '2025-03-16', 1),
(720, 24, '2025-03-17', 1),
(721, 25, '2025-02-16', 1),
(722, 25, '2025-02-17', 1),
(723, 25, '2025-02-18', 1),
(724, 25, '2025-02-19', 1),
(725, 25, '2025-02-20', 1),
(726, 25, '2025-02-21', 1),
(727, 25, '2025-02-22', 1),
(728, 25, '2025-02-23', 1),
(729, 25, '2025-02-24', 1),
(730, 25, '2025-02-25', 1),
(731, 25, '2025-02-26', 1),
(732, 25, '2025-02-27', 1),
(733, 25, '2025-02-28', 1),
(734, 25, '2025-03-01', 1),
(735, 25, '2025-03-02', 1),
(736, 25, '2025-03-03', 1),
(737, 25, '2025-03-04', 1),
(738, 25, '2025-03-05', 1),
(739, 25, '2025-03-06', 1),
(740, 25, '2025-03-07', 1),
(741, 25, '2025-03-08', 1),
(742, 25, '2025-03-09', 1),
(743, 25, '2025-03-10', 1),
(744, 25, '2025-03-11', 1),
(745, 25, '2025-03-12', 1),
(746, 25, '2025-03-13', 1),
(747, 25, '2025-03-14', 1),
(748, 25, '2025-03-15', 1),
(749, 25, '2025-03-16', 1),
(750, 25, '2025-03-17', 1),
(751, 26, '2025-02-16', 1),
(752, 26, '2025-02-17', 1),
(753, 26, '2025-02-18', 1),
(754, 26, '2025-02-19', 1),
(755, 26, '2025-02-20', 1),
(756, 26, '2025-02-21', 1),
(757, 26, '2025-02-22', 1),
(758, 26, '2025-02-23', 1),
(759, 26, '2025-02-24', 1),
(760, 26, '2025-02-25', 1),
(761, 26, '2025-02-26', 1),
(762, 26, '2025-02-27', 1),
(763, 26, '2025-02-28', 1),
(764, 26, '2025-03-01', 1),
(765, 26, '2025-03-02', 1),
(766, 26, '2025-03-03', 1),
(767, 26, '2025-03-04', 1),
(768, 26, '2025-03-05', 1),
(769, 26, '2025-03-06', 1),
(770, 26, '2025-03-07', 1),
(771, 26, '2025-03-08', 1),
(772, 26, '2025-03-09', 1),
(773, 26, '2025-03-10', 1),
(774, 26, '2025-03-11', 1),
(775, 26, '2025-03-12', 1),
(776, 26, '2025-03-13', 1),
(777, 26, '2025-03-14', 1),
(778, 26, '2025-03-15', 1),
(779, 26, '2025-03-16', 1),
(780, 26, '2025-03-17', 1),
(781, 27, '2025-02-16', 1),
(782, 27, '2025-02-17', 1),
(783, 27, '2025-02-18', 1),
(784, 27, '2025-02-19', 1),
(785, 27, '2025-02-20', 1),
(786, 27, '2025-02-21', 1),
(787, 27, '2025-02-22', 1),
(788, 27, '2025-02-23', 1),
(789, 27, '2025-02-24', 1),
(790, 27, '2025-02-25', 1),
(791, 27, '2025-02-26', 1),
(792, 27, '2025-02-27', 1),
(793, 27, '2025-02-28', 1),
(794, 27, '2025-03-01', 1),
(795, 27, '2025-03-02', 1),
(796, 27, '2025-03-03', 1),
(797, 27, '2025-03-04', 1),
(798, 27, '2025-03-05', 1),
(799, 27, '2025-03-06', 1),
(800, 27, '2025-03-07', 1),
(801, 27, '2025-03-08', 1),
(802, 27, '2025-03-09', 1),
(803, 27, '2025-03-10', 1),
(804, 27, '2025-03-11', 1),
(805, 27, '2025-03-12', 1),
(806, 27, '2025-03-13', 1),
(807, 27, '2025-03-14', 1),
(808, 27, '2025-03-15', 1),
(809, 27, '2025-03-16', 1),
(810, 27, '2025-03-17', 1),
(811, 28, '2025-02-16', 1),
(812, 28, '2025-02-17', 1),
(813, 28, '2025-02-18', 1),
(814, 28, '2025-02-19', 1),
(815, 28, '2025-02-20', 1),
(816, 28, '2025-02-21', 1),
(817, 28, '2025-02-22', 1),
(818, 28, '2025-02-23', 1),
(819, 28, '2025-02-24', 1),
(820, 28, '2025-02-25', 1),
(821, 28, '2025-02-26', 1),
(822, 28, '2025-02-27', 1),
(823, 28, '2025-02-28', 1),
(824, 28, '2025-03-01', 1),
(825, 28, '2025-03-02', 1),
(826, 28, '2025-03-03', 1),
(827, 28, '2025-03-04', 1),
(828, 28, '2025-03-05', 1),
(829, 28, '2025-03-06', 1),
(830, 28, '2025-03-07', 1),
(831, 28, '2025-03-08', 1),
(832, 28, '2025-03-09', 1),
(833, 28, '2025-03-10', 1),
(834, 28, '2025-03-11', 1),
(835, 28, '2025-03-12', 1),
(836, 28, '2025-03-13', 1),
(837, 28, '2025-03-14', 1),
(838, 28, '2025-03-15', 1),
(839, 28, '2025-03-16', 1),
(840, 28, '2025-03-17', 1),
(841, 29, '2025-02-16', 1),
(842, 29, '2025-02-17', 1),
(843, 29, '2025-02-18', 1),
(844, 29, '2025-02-19', 1),
(845, 29, '2025-02-20', 1),
(846, 29, '2025-02-21', 1),
(847, 29, '2025-02-22', 1),
(848, 29, '2025-02-23', 1),
(849, 29, '2025-02-24', 1),
(850, 29, '2025-02-25', 1),
(851, 29, '2025-02-26', 1),
(852, 29, '2025-02-27', 1),
(853, 29, '2025-02-28', 1),
(854, 29, '2025-03-01', 1),
(855, 29, '2025-03-02', 1),
(856, 29, '2025-03-03', 1),
(857, 29, '2025-03-04', 1),
(858, 29, '2025-03-05', 1),
(859, 29, '2025-03-06', 1),
(860, 29, '2025-03-07', 1),
(861, 29, '2025-03-08', 1),
(862, 29, '2025-03-09', 1),
(863, 29, '2025-03-10', 1),
(864, 29, '2025-03-11', 1),
(865, 29, '2025-03-12', 1),
(866, 29, '2025-03-13', 1),
(867, 29, '2025-03-14', 1),
(868, 29, '2025-03-15', 1),
(869, 29, '2025-03-16', 1),
(870, 29, '2025-03-17', 1),
(871, 30, '2025-02-16', 1),
(872, 30, '2025-02-17', 1),
(873, 30, '2025-02-18', 1),
(874, 30, '2025-02-19', 1),
(875, 30, '2025-02-20', 1),
(876, 30, '2025-02-21', 1),
(877, 30, '2025-02-22', 1),
(878, 30, '2025-02-23', 1),
(879, 30, '2025-02-24', 1),
(880, 30, '2025-02-25', 1),
(881, 30, '2025-02-26', 1),
(882, 30, '2025-02-27', 1),
(883, 30, '2025-02-28', 1),
(884, 30, '2025-03-01', 1),
(885, 30, '2025-03-02', 1),
(886, 30, '2025-03-03', 1),
(887, 30, '2025-03-04', 1),
(888, 30, '2025-03-05', 1),
(889, 30, '2025-03-06', 1),
(890, 30, '2025-03-07', 1),
(891, 30, '2025-03-08', 1),
(892, 30, '2025-03-09', 1),
(893, 30, '2025-03-10', 1),
(894, 30, '2025-03-11', 1),
(895, 30, '2025-03-12', 1),
(896, 30, '2025-03-13', 1),
(897, 30, '2025-03-14', 1),
(898, 30, '2025-03-15', 1),
(899, 30, '2025-03-16', 1),
(900, 30, '2025-03-17', 1),
(901, 31, '2025-02-16', 1),
(902, 31, '2025-02-17', 1),
(903, 31, '2025-02-18', 1),
(904, 31, '2025-02-19', 1),
(905, 31, '2025-02-20', 1),
(906, 31, '2025-02-21', 1),
(907, 31, '2025-02-22', 1),
(908, 31, '2025-02-23', 1),
(909, 31, '2025-02-24', 1),
(910, 31, '2025-02-25', 1),
(911, 31, '2025-02-26', 1),
(912, 31, '2025-02-27', 1),
(913, 31, '2025-02-28', 1),
(914, 31, '2025-03-01', 1),
(915, 31, '2025-03-02', 1),
(916, 31, '2025-03-03', 1),
(917, 31, '2025-03-04', 1),
(918, 31, '2025-03-05', 1),
(919, 31, '2025-03-06', 1),
(920, 31, '2025-03-07', 1),
(921, 31, '2025-03-08', 1),
(922, 31, '2025-03-09', 1),
(923, 31, '2025-03-10', 1),
(924, 31, '2025-03-11', 1),
(925, 31, '2025-03-12', 1),
(926, 31, '2025-03-13', 1),
(927, 31, '2025-03-14', 1),
(928, 31, '2025-03-15', 1),
(929, 31, '2025-03-16', 1),
(930, 31, '2025-03-17', 1),
(931, 32, '2025-02-16', 1),
(932, 32, '2025-02-17', 1),
(933, 32, '2025-02-18', 1),
(934, 32, '2025-02-19', 1),
(935, 32, '2025-02-20', 1),
(936, 32, '2025-02-21', 1),
(937, 32, '2025-02-22', 1),
(938, 32, '2025-02-23', 1),
(939, 32, '2025-02-24', 1),
(940, 32, '2025-02-25', 1),
(941, 32, '2025-02-26', 1),
(942, 32, '2025-02-27', 1),
(943, 32, '2025-02-28', 1),
(944, 32, '2025-03-01', 1),
(945, 32, '2025-03-02', 1),
(946, 32, '2025-03-03', 1),
(947, 32, '2025-03-04', 1),
(948, 32, '2025-03-05', 1),
(949, 32, '2025-03-06', 1),
(950, 32, '2025-03-07', 1),
(951, 32, '2025-03-08', 1),
(952, 32, '2025-03-09', 1),
(953, 32, '2025-03-10', 1),
(954, 32, '2025-03-11', 1),
(955, 32, '2025-03-12', 1),
(956, 32, '2025-03-13', 1),
(957, 32, '2025-03-14', 1),
(958, 32, '2025-03-15', 1),
(959, 32, '2025-03-16', 1),
(960, 32, '2025-03-17', 1),
(961, 33, '2025-02-16', 1),
(962, 33, '2025-02-17', 1),
(963, 33, '2025-02-18', 1),
(964, 33, '2025-02-19', 1),
(965, 33, '2025-02-20', 1),
(966, 33, '2025-02-21', 1),
(967, 33, '2025-02-22', 1),
(968, 33, '2025-02-23', 1),
(969, 33, '2025-02-24', 1),
(970, 33, '2025-02-25', 1),
(971, 33, '2025-02-26', 1),
(972, 33, '2025-02-27', 1),
(973, 33, '2025-02-28', 1),
(974, 33, '2025-03-01', 1),
(975, 33, '2025-03-02', 1),
(976, 33, '2025-03-03', 1),
(977, 33, '2025-03-04', 1),
(978, 33, '2025-03-05', 1),
(979, 33, '2025-03-06', 1),
(980, 33, '2025-03-07', 1),
(981, 33, '2025-03-08', 1),
(982, 33, '2025-03-09', 1),
(983, 33, '2025-03-10', 1),
(984, 33, '2025-03-11', 1),
(985, 33, '2025-03-12', 1),
(986, 33, '2025-03-13', 1),
(987, 33, '2025-03-14', 1),
(988, 33, '2025-03-15', 1),
(989, 33, '2025-03-16', 1),
(990, 33, '2025-03-17', 1),
(991, 34, '2025-02-16', 1),
(992, 34, '2025-02-17', 1),
(993, 34, '2025-02-18', 1),
(994, 34, '2025-02-19', 1),
(995, 34, '2025-02-20', 1),
(996, 34, '2025-02-21', 1),
(997, 34, '2025-02-22', 1),
(998, 34, '2025-02-23', 1),
(999, 34, '2025-02-24', 1),
(1000, 34, '2025-02-25', 1),
(1001, 34, '2025-02-26', 1),
(1002, 34, '2025-02-27', 1),
(1003, 34, '2025-02-28', 1),
(1004, 34, '2025-03-01', 1),
(1005, 34, '2025-03-02', 1),
(1006, 34, '2025-03-03', 1),
(1007, 34, '2025-03-04', 1),
(1008, 34, '2025-03-05', 1),
(1009, 34, '2025-03-06', 1),
(1010, 34, '2025-03-07', 1),
(1011, 34, '2025-03-08', 1),
(1012, 34, '2025-03-09', 1),
(1013, 34, '2025-03-10', 1),
(1014, 34, '2025-03-11', 1),
(1015, 34, '2025-03-12', 1),
(1016, 34, '2025-03-13', 1),
(1017, 34, '2025-03-14', 1),
(1018, 34, '2025-03-15', 1),
(1019, 34, '2025-03-16', 1),
(1020, 34, '2025-03-17', 1),
(1021, 35, '2025-02-16', 1),
(1022, 35, '2025-02-17', 1),
(1023, 35, '2025-02-18', 1),
(1024, 35, '2025-02-19', 1),
(1025, 35, '2025-02-20', 1),
(1026, 35, '2025-02-21', 1),
(1027, 35, '2025-02-22', 1),
(1028, 35, '2025-02-23', 1),
(1029, 35, '2025-02-24', 1),
(1030, 35, '2025-02-25', 1),
(1031, 35, '2025-02-26', 1),
(1032, 35, '2025-02-27', 1),
(1033, 35, '2025-02-28', 1),
(1034, 35, '2025-03-01', 1),
(1035, 35, '2025-03-02', 1),
(1036, 35, '2025-03-03', 1),
(1037, 35, '2025-03-04', 1),
(1038, 35, '2025-03-05', 1),
(1039, 35, '2025-03-06', 1),
(1040, 35, '2025-03-07', 1),
(1041, 35, '2025-03-08', 1),
(1042, 35, '2025-03-09', 1),
(1043, 35, '2025-03-10', 1),
(1044, 35, '2025-03-11', 1),
(1045, 35, '2025-03-12', 1),
(1046, 35, '2025-03-13', 1),
(1047, 35, '2025-03-14', 1),
(1048, 35, '2025-03-15', 1),
(1049, 35, '2025-03-16', 1),
(1050, 35, '2025-03-17', 1),
(1051, 36, '2025-02-16', 1),
(1052, 36, '2025-02-17', 1),
(1053, 36, '2025-02-18', 1),
(1054, 36, '2025-02-19', 1),
(1055, 36, '2025-02-20', 1),
(1056, 36, '2025-02-21', 1),
(1057, 36, '2025-02-22', 1),
(1058, 36, '2025-02-23', 1),
(1059, 36, '2025-02-24', 1),
(1060, 36, '2025-02-25', 1),
(1061, 36, '2025-02-26', 1),
(1062, 36, '2025-02-27', 1),
(1063, 36, '2025-02-28', 1),
(1064, 36, '2025-03-01', 1),
(1065, 36, '2025-03-02', 1),
(1066, 36, '2025-03-03', 1),
(1067, 36, '2025-03-04', 1),
(1068, 36, '2025-03-05', 1),
(1069, 36, '2025-03-06', 1),
(1070, 36, '2025-03-07', 1),
(1071, 36, '2025-03-08', 1),
(1072, 36, '2025-03-09', 1),
(1073, 36, '2025-03-10', 1),
(1074, 36, '2025-03-11', 1),
(1075, 36, '2025-03-12', 1),
(1076, 36, '2025-03-13', 1),
(1077, 36, '2025-03-14', 1),
(1078, 36, '2025-03-15', 1),
(1079, 36, '2025-03-16', 1),
(1080, 36, '2025-03-17', 1),
(1081, 37, '2025-02-16', 1),
(1082, 37, '2025-02-17', 1),
(1083, 37, '2025-02-18', 1),
(1084, 37, '2025-02-19', 1),
(1085, 37, '2025-02-20', 1),
(1086, 37, '2025-02-21', 1),
(1087, 37, '2025-02-22', 1),
(1088, 37, '2025-02-23', 1),
(1089, 37, '2025-02-24', 1),
(1090, 37, '2025-02-25', 1),
(1091, 37, '2025-02-26', 1),
(1092, 37, '2025-02-27', 1),
(1093, 37, '2025-02-28', 1),
(1094, 37, '2025-03-01', 1),
(1095, 37, '2025-03-02', 1),
(1096, 37, '2025-03-03', 1),
(1097, 37, '2025-03-04', 1),
(1098, 37, '2025-03-05', 1),
(1099, 37, '2025-03-06', 1),
(1100, 37, '2025-03-07', 1),
(1101, 37, '2025-03-08', 1),
(1102, 37, '2025-03-09', 1),
(1103, 37, '2025-03-10', 1),
(1104, 37, '2025-03-11', 1),
(1105, 37, '2025-03-12', 1),
(1106, 37, '2025-03-13', 1),
(1107, 37, '2025-03-14', 1),
(1108, 37, '2025-03-15', 1),
(1109, 37, '2025-03-16', 1),
(1110, 37, '2025-03-17', 1),
(1111, 38, '2025-02-16', 1),
(1112, 38, '2025-02-17', 1),
(1113, 38, '2025-02-18', 1),
(1114, 38, '2025-02-19', 1),
(1115, 38, '2025-02-20', 1),
(1116, 38, '2025-02-21', 1),
(1117, 38, '2025-02-22', 1),
(1118, 38, '2025-02-23', 1),
(1119, 38, '2025-02-24', 1),
(1120, 38, '2025-02-25', 1),
(1121, 38, '2025-02-26', 1),
(1122, 38, '2025-02-27', 1),
(1123, 38, '2025-02-28', 1),
(1124, 38, '2025-03-01', 1),
(1125, 38, '2025-03-02', 1),
(1126, 38, '2025-03-03', 1),
(1127, 38, '2025-03-04', 1),
(1128, 38, '2025-03-05', 1),
(1129, 38, '2025-03-06', 1),
(1130, 38, '2025-03-07', 1),
(1131, 38, '2025-03-08', 1),
(1132, 38, '2025-03-09', 1),
(1133, 38, '2025-03-10', 1),
(1134, 38, '2025-03-11', 1),
(1135, 38, '2025-03-12', 1),
(1136, 38, '2025-03-13', 1),
(1137, 38, '2025-03-14', 1),
(1138, 38, '2025-03-15', 1),
(1139, 38, '2025-03-16', 1),
(1140, 38, '2025-03-17', 1),
(1141, 39, '2025-02-16', 1),
(1142, 39, '2025-02-17', 1),
(1143, 39, '2025-02-18', 1),
(1144, 39, '2025-02-19', 1),
(1145, 39, '2025-02-20', 1),
(1146, 39, '2025-02-21', 1),
(1147, 39, '2025-02-22', 1),
(1148, 39, '2025-02-23', 1),
(1149, 39, '2025-02-24', 1),
(1150, 39, '2025-02-25', 1),
(1151, 39, '2025-02-26', 1),
(1152, 39, '2025-02-27', 1),
(1153, 39, '2025-02-28', 1),
(1154, 39, '2025-03-01', 1),
(1155, 39, '2025-03-02', 1),
(1156, 39, '2025-03-03', 1),
(1157, 39, '2025-03-04', 1),
(1158, 39, '2025-03-05', 1),
(1159, 39, '2025-03-06', 1),
(1160, 39, '2025-03-07', 1),
(1161, 39, '2025-03-08', 1),
(1162, 39, '2025-03-09', 1),
(1163, 39, '2025-03-10', 1),
(1164, 39, '2025-03-11', 1),
(1165, 39, '2025-03-12', 1),
(1166, 39, '2025-03-13', 1),
(1167, 39, '2025-03-14', 1),
(1168, 39, '2025-03-15', 1),
(1169, 39, '2025-03-16', 1),
(1170, 39, '2025-03-17', 1),
(1171, 40, '2025-02-16', 1),
(1172, 40, '2025-02-17', 1),
(1173, 40, '2025-02-18', 1),
(1174, 40, '2025-02-19', 1),
(1175, 40, '2025-02-20', 1),
(1176, 40, '2025-02-21', 1),
(1177, 40, '2025-02-22', 1),
(1178, 40, '2025-02-23', 1),
(1179, 40, '2025-02-24', 1),
(1180, 40, '2025-02-25', 1),
(1181, 40, '2025-02-26', 1),
(1182, 40, '2025-02-27', 1),
(1183, 40, '2025-02-28', 1),
(1184, 40, '2025-03-01', 1),
(1185, 40, '2025-03-02', 1),
(1186, 40, '2025-03-03', 1),
(1187, 40, '2025-03-04', 1),
(1188, 40, '2025-03-05', 1),
(1189, 40, '2025-03-06', 1),
(1190, 40, '2025-03-07', 1),
(1191, 40, '2025-03-08', 1),
(1192, 40, '2025-03-09', 1),
(1193, 40, '2025-03-10', 1),
(1194, 40, '2025-03-11', 1),
(1195, 40, '2025-03-12', 1),
(1196, 40, '2025-03-13', 1),
(1197, 40, '2025-03-14', 1),
(1198, 40, '2025-03-15', 1),
(1199, 40, '2025-03-16', 1),
(1200, 40, '2025-03-17', 1),
(1201, 41, '2025-02-16', 1),
(1202, 41, '2025-02-17', 1),
(1203, 41, '2025-02-18', 1),
(1204, 41, '2025-02-19', 1),
(1205, 41, '2025-02-20', 1),
(1206, 41, '2025-02-21', 1),
(1207, 41, '2025-02-22', 1),
(1208, 41, '2025-02-23', 1),
(1209, 41, '2025-02-24', 1),
(1210, 41, '2025-02-25', 1),
(1211, 41, '2025-02-26', 1),
(1212, 41, '2025-02-27', 1),
(1213, 41, '2025-02-28', 1),
(1214, 41, '2025-03-01', 1),
(1215, 41, '2025-03-02', 1),
(1216, 41, '2025-03-03', 1),
(1217, 41, '2025-03-04', 1),
(1218, 41, '2025-03-05', 1),
(1219, 41, '2025-03-06', 1),
(1220, 41, '2025-03-07', 1),
(1221, 41, '2025-03-08', 1),
(1222, 41, '2025-03-09', 1),
(1223, 41, '2025-03-10', 1),
(1224, 41, '2025-03-11', 1),
(1225, 41, '2025-03-12', 1),
(1226, 41, '2025-03-13', 1),
(1227, 41, '2025-03-14', 1),
(1228, 41, '2025-03-15', 1),
(1229, 41, '2025-03-16', 1),
(1230, 41, '2025-03-17', 1),
(1231, 42, '2025-02-16', 1),
(1232, 42, '2025-02-17', 1),
(1233, 42, '2025-02-18', 1),
(1234, 42, '2025-02-19', 1),
(1235, 42, '2025-02-20', 1),
(1236, 42, '2025-02-21', 1),
(1237, 42, '2025-02-22', 1),
(1238, 42, '2025-02-23', 1),
(1239, 42, '2025-02-24', 1),
(1240, 42, '2025-02-25', 1),
(1241, 42, '2025-02-26', 1),
(1242, 42, '2025-02-27', 1),
(1243, 42, '2025-02-28', 1),
(1244, 42, '2025-03-01', 1),
(1245, 42, '2025-03-02', 1),
(1246, 42, '2025-03-03', 1),
(1247, 42, '2025-03-04', 1),
(1248, 42, '2025-03-05', 1),
(1249, 42, '2025-03-06', 1),
(1250, 42, '2025-03-07', 1),
(1251, 42, '2025-03-08', 1),
(1252, 42, '2025-03-09', 1),
(1253, 42, '2025-03-10', 1),
(1254, 42, '2025-03-11', 1),
(1255, 42, '2025-03-12', 1),
(1256, 42, '2025-03-13', 1),
(1257, 42, '2025-03-14', 1),
(1258, 42, '2025-03-15', 1),
(1259, 42, '2025-03-16', 1),
(1260, 42, '2025-03-17', 1),
(1261, 43, '2025-02-16', 1),
(1262, 43, '2025-02-17', 1),
(1263, 43, '2025-02-18', 1),
(1264, 43, '2025-02-19', 1),
(1265, 43, '2025-02-20', 1),
(1266, 43, '2025-02-21', 1),
(1267, 43, '2025-02-22', 1),
(1268, 43, '2025-02-23', 1),
(1269, 43, '2025-02-24', 1),
(1270, 43, '2025-02-25', 1),
(1271, 43, '2025-02-26', 1),
(1272, 43, '2025-02-27', 1),
(1273, 43, '2025-02-28', 1),
(1274, 43, '2025-03-01', 1),
(1275, 43, '2025-03-02', 1),
(1276, 43, '2025-03-03', 1),
(1277, 43, '2025-03-04', 1),
(1278, 43, '2025-03-05', 1),
(1279, 43, '2025-03-06', 1),
(1280, 43, '2025-03-07', 1),
(1281, 43, '2025-03-08', 1),
(1282, 43, '2025-03-09', 1),
(1283, 43, '2025-03-10', 1),
(1284, 43, '2025-03-11', 1),
(1285, 43, '2025-03-12', 1),
(1286, 43, '2025-03-13', 1),
(1287, 43, '2025-03-14', 1),
(1288, 43, '2025-03-15', 1),
(1289, 43, '2025-03-16', 1),
(1290, 43, '2025-03-17', 1),
(1291, 44, '2025-02-16', 1),
(1292, 44, '2025-02-17', 1),
(1293, 44, '2025-02-18', 1),
(1294, 44, '2025-02-19', 1),
(1295, 44, '2025-02-20', 1),
(1296, 44, '2025-02-21', 1),
(1297, 44, '2025-02-22', 1),
(1298, 44, '2025-02-23', 1),
(1299, 44, '2025-02-24', 1),
(1300, 44, '2025-02-25', 1),
(1301, 44, '2025-02-26', 1),
(1302, 44, '2025-02-27', 1),
(1303, 44, '2025-02-28', 1),
(1304, 44, '2025-03-01', 1),
(1305, 44, '2025-03-02', 1),
(1306, 44, '2025-03-03', 1),
(1307, 44, '2025-03-04', 1),
(1308, 44, '2025-03-05', 1),
(1309, 44, '2025-03-06', 1),
(1310, 44, '2025-03-07', 1),
(1311, 44, '2025-03-08', 1),
(1312, 44, '2025-03-09', 1),
(1313, 44, '2025-03-10', 1),
(1314, 44, '2025-03-11', 1),
(1315, 44, '2025-03-12', 1),
(1316, 44, '2025-03-13', 1),
(1317, 44, '2025-03-14', 1),
(1318, 44, '2025-03-15', 1),
(1319, 44, '2025-03-16', 1),
(1320, 44, '2025-03-17', 1),
(1321, 45, '2025-02-16', 1),
(1322, 45, '2025-02-17', 1),
(1323, 45, '2025-02-18', 1),
(1324, 45, '2025-02-19', 1),
(1325, 45, '2025-02-20', 1),
(1326, 45, '2025-02-21', 1),
(1327, 45, '2025-02-22', 1),
(1328, 45, '2025-02-23', 1),
(1329, 45, '2025-02-24', 1),
(1330, 45, '2025-02-25', 1),
(1331, 45, '2025-02-26', 1),
(1332, 45, '2025-02-27', 1),
(1333, 45, '2025-02-28', 1),
(1334, 45, '2025-03-01', 1),
(1335, 45, '2025-03-02', 1),
(1336, 45, '2025-03-03', 1),
(1337, 45, '2025-03-04', 1),
(1338, 45, '2025-03-05', 1),
(1339, 45, '2025-03-06', 1),
(1340, 45, '2025-03-07', 1),
(1341, 45, '2025-03-08', 1),
(1342, 45, '2025-03-09', 1),
(1343, 45, '2025-03-10', 1),
(1344, 45, '2025-03-11', 1),
(1345, 45, '2025-03-12', 1),
(1346, 45, '2025-03-13', 1),
(1347, 45, '2025-03-14', 1),
(1348, 45, '2025-03-15', 1),
(1349, 45, '2025-03-16', 1),
(1350, 45, '2025-03-17', 1),
(1351, 46, '2025-02-16', 1),
(1352, 46, '2025-02-17', 1),
(1353, 46, '2025-02-18', 1),
(1354, 46, '2025-02-19', 1),
(1355, 46, '2025-02-20', 1),
(1356, 46, '2025-02-21', 1),
(1357, 46, '2025-02-22', 1),
(1358, 46, '2025-02-23', 1),
(1359, 46, '2025-02-24', 1),
(1360, 46, '2025-02-25', 1),
(1361, 46, '2025-02-26', 1),
(1362, 46, '2025-02-27', 1),
(1363, 46, '2025-02-28', 1),
(1364, 46, '2025-03-01', 1),
(1365, 46, '2025-03-02', 1),
(1366, 46, '2025-03-03', 1),
(1367, 46, '2025-03-04', 1),
(1368, 46, '2025-03-05', 1),
(1369, 46, '2025-03-06', 1),
(1370, 46, '2025-03-07', 1),
(1371, 46, '2025-03-08', 1),
(1372, 46, '2025-03-09', 1),
(1373, 46, '2025-03-10', 1),
(1374, 46, '2025-03-11', 1),
(1375, 46, '2025-03-12', 1),
(1376, 46, '2025-03-13', 1),
(1377, 46, '2025-03-14', 1),
(1378, 46, '2025-03-15', 1),
(1379, 46, '2025-03-16', 1),
(1380, 46, '2025-03-17', 1),
(1381, 47, '2025-02-16', 1),
(1382, 47, '2025-02-17', 1),
(1383, 47, '2025-02-18', 1),
(1384, 47, '2025-02-19', 1),
(1385, 47, '2025-02-20', 1),
(1386, 47, '2025-02-21', 1),
(1387, 47, '2025-02-22', 1),
(1388, 47, '2025-02-23', 1),
(1389, 47, '2025-02-24', 1),
(1390, 47, '2025-02-25', 1),
(1391, 47, '2025-02-26', 1),
(1392, 47, '2025-02-27', 1),
(1393, 47, '2025-02-28', 1),
(1394, 47, '2025-03-01', 1),
(1395, 47, '2025-03-02', 1),
(1396, 47, '2025-03-03', 1),
(1397, 47, '2025-03-04', 1),
(1398, 47, '2025-03-05', 1),
(1399, 47, '2025-03-06', 1),
(1400, 47, '2025-03-07', 1),
(1401, 47, '2025-03-08', 1),
(1402, 47, '2025-03-09', 1),
(1403, 47, '2025-03-10', 1),
(1404, 47, '2025-03-11', 1),
(1405, 47, '2025-03-12', 1),
(1406, 47, '2025-03-13', 1),
(1407, 47, '2025-03-14', 1),
(1408, 47, '2025-03-15', 1),
(1409, 47, '2025-03-16', 1),
(1410, 47, '2025-03-17', 1),
(1411, 48, '2025-02-16', 1),
(1412, 48, '2025-02-17', 1),
(1413, 48, '2025-02-18', 1),
(1414, 48, '2025-02-19', 1),
(1415, 48, '2025-02-20', 1),
(1416, 48, '2025-02-21', 1),
(1417, 48, '2025-02-22', 1),
(1418, 48, '2025-02-23', 1),
(1419, 48, '2025-02-24', 1),
(1420, 48, '2025-02-25', 1),
(1421, 48, '2025-02-26', 1),
(1422, 48, '2025-02-27', 1),
(1423, 48, '2025-02-28', 1),
(1424, 48, '2025-03-01', 1),
(1425, 48, '2025-03-02', 1),
(1426, 48, '2025-03-03', 1),
(1427, 48, '2025-03-04', 1),
(1428, 48, '2025-03-05', 1),
(1429, 48, '2025-03-06', 1),
(1430, 48, '2025-03-07', 1),
(1431, 48, '2025-03-08', 1),
(1432, 48, '2025-03-09', 1),
(1433, 48, '2025-03-10', 1),
(1434, 48, '2025-03-11', 1),
(1435, 48, '2025-03-12', 1),
(1436, 48, '2025-03-13', 1),
(1437, 48, '2025-03-14', 1),
(1438, 48, '2025-03-15', 1),
(1439, 48, '2025-03-16', 1),
(1440, 48, '2025-03-17', 1),
(1441, 49, '2025-02-16', 1),
(1442, 49, '2025-02-17', 1),
(1443, 49, '2025-02-18', 1),
(1444, 49, '2025-02-19', 1),
(1445, 49, '2025-02-20', 1),
(1446, 49, '2025-02-21', 1),
(1447, 49, '2025-02-22', 1),
(1448, 49, '2025-02-23', 1),
(1449, 49, '2025-02-24', 1),
(1450, 49, '2025-02-25', 1),
(1451, 49, '2025-02-26', 1),
(1452, 49, '2025-02-27', 1),
(1453, 49, '2025-02-28', 1),
(1454, 49, '2025-03-01', 1),
(1455, 49, '2025-03-02', 1),
(1456, 49, '2025-03-03', 1),
(1457, 49, '2025-03-04', 1),
(1458, 49, '2025-03-05', 1),
(1459, 49, '2025-03-06', 1),
(1460, 49, '2025-03-07', 1),
(1461, 49, '2025-03-08', 1),
(1462, 49, '2025-03-09', 1),
(1463, 49, '2025-03-10', 1),
(1464, 49, '2025-03-11', 1),
(1465, 49, '2025-03-12', 1),
(1466, 49, '2025-03-13', 1),
(1467, 49, '2025-03-14', 1),
(1468, 49, '2025-03-15', 1),
(1469, 49, '2025-03-16', 1),
(1470, 49, '2025-03-17', 1),
(1471, 50, '2025-02-16', 1),
(1472, 50, '2025-02-17', 1),
(1473, 50, '2025-02-18', 1),
(1474, 50, '2025-02-19', 1),
(1475, 50, '2025-02-20', 1),
(1476, 50, '2025-02-21', 1),
(1477, 50, '2025-02-22', 1),
(1478, 50, '2025-02-23', 1),
(1479, 50, '2025-02-24', 1),
(1480, 50, '2025-02-25', 1),
(1481, 50, '2025-02-26', 1),
(1482, 50, '2025-02-27', 1),
(1483, 50, '2025-02-28', 1),
(1484, 50, '2025-03-01', 1),
(1485, 50, '2025-03-02', 1),
(1486, 50, '2025-03-03', 1),
(1487, 50, '2025-03-04', 1),
(1488, 50, '2025-03-05', 1),
(1489, 50, '2025-03-06', 1),
(1490, 50, '2025-03-07', 1),
(1491, 50, '2025-03-08', 1),
(1492, 50, '2025-03-09', 1),
(1493, 50, '2025-03-10', 1),
(1494, 50, '2025-03-11', 1),
(1495, 50, '2025-03-12', 1),
(1496, 50, '2025-03-13', 1),
(1497, 50, '2025-03-14', 1),
(1498, 50, '2025-03-15', 1),
(1499, 50, '2025-03-16', 1),
(1500, 50, '2025-03-17', 1),
(1501, 51, '2025-02-16', 1),
(1502, 51, '2025-02-17', 1),
(1503, 51, '2025-02-18', 1),
(1504, 51, '2025-02-19', 1),
(1505, 51, '2025-02-20', 1),
(1506, 51, '2025-02-21', 1),
(1507, 51, '2025-02-22', 1),
(1508, 51, '2025-02-23', 1),
(1509, 51, '2025-02-24', 1),
(1510, 51, '2025-02-25', 1),
(1511, 51, '2025-02-26', 1),
(1512, 51, '2025-02-27', 1),
(1513, 51, '2025-02-28', 1),
(1514, 51, '2025-03-01', 1),
(1515, 51, '2025-03-02', 1),
(1516, 51, '2025-03-03', 1),
(1517, 51, '2025-03-04', 1),
(1518, 51, '2025-03-05', 1),
(1519, 51, '2025-03-06', 1),
(1520, 51, '2025-03-07', 1),
(1521, 51, '2025-03-08', 1),
(1522, 51, '2025-03-09', 1),
(1523, 51, '2025-03-10', 1),
(1524, 51, '2025-03-11', 1),
(1525, 51, '2025-03-12', 1),
(1526, 51, '2025-03-13', 1),
(1527, 51, '2025-03-14', 1),
(1528, 51, '2025-03-15', 1),
(1529, 51, '2025-03-16', 1),
(1530, 51, '2025-03-17', 1),
(1531, 52, '2025-02-16', 1),
(1532, 52, '2025-02-17', 1),
(1533, 52, '2025-02-18', 1),
(1534, 52, '2025-02-19', 1),
(1535, 52, '2025-02-20', 1),
(1536, 52, '2025-02-21', 1),
(1537, 52, '2025-02-22', 1),
(1538, 52, '2025-02-23', 1),
(1539, 52, '2025-02-24', 1),
(1540, 52, '2025-02-25', 1),
(1541, 52, '2025-02-26', 1),
(1542, 52, '2025-02-27', 1),
(1543, 52, '2025-02-28', 1),
(1544, 52, '2025-03-01', 1),
(1545, 52, '2025-03-02', 1),
(1546, 52, '2025-03-03', 1),
(1547, 52, '2025-03-04', 1),
(1548, 52, '2025-03-05', 1),
(1549, 52, '2025-03-06', 1),
(1550, 52, '2025-03-07', 1),
(1551, 52, '2025-03-08', 1),
(1552, 52, '2025-03-09', 1),
(1553, 52, '2025-03-10', 1),
(1554, 52, '2025-03-11', 1),
(1555, 52, '2025-03-12', 1),
(1556, 52, '2025-03-13', 1),
(1557, 52, '2025-03-14', 1),
(1558, 52, '2025-03-15', 1),
(1559, 52, '2025-03-16', 1),
(1560, 52, '2025-03-17', 1),
(1561, 53, '2025-02-16', 1),
(1562, 53, '2025-02-17', 1),
(1563, 53, '2025-02-18', 1),
(1564, 53, '2025-02-19', 1),
(1565, 53, '2025-02-20', 1),
(1566, 53, '2025-02-21', 1),
(1567, 53, '2025-02-22', 1),
(1568, 53, '2025-02-23', 1),
(1569, 53, '2025-02-24', 1),
(1570, 53, '2025-02-25', 1),
(1571, 53, '2025-02-26', 1),
(1572, 53, '2025-02-27', 1),
(1573, 53, '2025-02-28', 1),
(1574, 53, '2025-03-01', 1),
(1575, 53, '2025-03-02', 1),
(1576, 53, '2025-03-03', 1),
(1577, 53, '2025-03-04', 1),
(1578, 53, '2025-03-05', 1),
(1579, 53, '2025-03-06', 1),
(1580, 53, '2025-03-07', 1),
(1581, 53, '2025-03-08', 1),
(1582, 53, '2025-03-09', 1),
(1583, 53, '2025-03-10', 1),
(1584, 53, '2025-03-11', 1),
(1585, 53, '2025-03-12', 1),
(1586, 53, '2025-03-13', 1),
(1587, 53, '2025-03-14', 1),
(1588, 53, '2025-03-15', 1),
(1589, 53, '2025-03-16', 1),
(1590, 53, '2025-03-17', 1),
(1591, 54, '2025-02-16', 1),
(1592, 54, '2025-02-17', 1),
(1593, 54, '2025-02-18', 1),
(1594, 54, '2025-02-19', 1),
(1595, 54, '2025-02-20', 1),
(1596, 54, '2025-02-21', 1),
(1597, 54, '2025-02-22', 1),
(1598, 54, '2025-02-23', 1),
(1599, 54, '2025-02-24', 1),
(1600, 54, '2025-02-25', 1),
(1601, 54, '2025-02-26', 1),
(1602, 54, '2025-02-27', 1),
(1603, 54, '2025-02-28', 1),
(1604, 54, '2025-03-01', 1),
(1605, 54, '2025-03-02', 1),
(1606, 54, '2025-03-03', 1),
(1607, 54, '2025-03-04', 1),
(1608, 54, '2025-03-05', 1),
(1609, 54, '2025-03-06', 1),
(1610, 54, '2025-03-07', 1),
(1611, 54, '2025-03-08', 1),
(1612, 54, '2025-03-09', 1),
(1613, 54, '2025-03-10', 1),
(1614, 54, '2025-03-11', 1),
(1615, 54, '2025-03-12', 1),
(1616, 54, '2025-03-13', 1),
(1617, 54, '2025-03-14', 1),
(1618, 54, '2025-03-15', 1),
(1619, 54, '2025-03-16', 1),
(1620, 54, '2025-03-17', 1),
(1621, 55, '2025-02-16', 1),
(1622, 55, '2025-02-17', 1),
(1623, 55, '2025-02-18', 1),
(1624, 55, '2025-02-19', 1),
(1625, 55, '2025-02-20', 1),
(1626, 55, '2025-02-21', 1),
(1627, 55, '2025-02-22', 1),
(1628, 55, '2025-02-23', 1),
(1629, 55, '2025-02-24', 1),
(1630, 55, '2025-02-25', 1),
(1631, 55, '2025-02-26', 1),
(1632, 55, '2025-02-27', 1),
(1633, 55, '2025-02-28', 1),
(1634, 55, '2025-03-01', 1),
(1635, 55, '2025-03-02', 1),
(1636, 55, '2025-03-03', 1),
(1637, 55, '2025-03-04', 1),
(1638, 55, '2025-03-05', 1),
(1639, 55, '2025-03-06', 1),
(1640, 55, '2025-03-07', 1),
(1641, 55, '2025-03-08', 1),
(1642, 55, '2025-03-09', 1),
(1643, 55, '2025-03-10', 1),
(1644, 55, '2025-03-11', 1),
(1645, 55, '2025-03-12', 1),
(1646, 55, '2025-03-13', 1),
(1647, 55, '2025-03-14', 1),
(1648, 55, '2025-03-15', 1),
(1649, 55, '2025-03-16', 1),
(1650, 55, '2025-03-17', 1),
(1651, 56, '2025-02-16', 1),
(1652, 56, '2025-02-17', 1),
(1653, 56, '2025-02-18', 1),
(1654, 56, '2025-02-19', 1),
(1655, 56, '2025-02-20', 1),
(1656, 56, '2025-02-21', 1),
(1657, 56, '2025-02-22', 1),
(1658, 56, '2025-02-23', 1),
(1659, 56, '2025-02-24', 1),
(1660, 56, '2025-02-25', 1),
(1661, 56, '2025-02-26', 1),
(1662, 56, '2025-02-27', 1),
(1663, 56, '2025-02-28', 1),
(1664, 56, '2025-03-01', 1),
(1665, 56, '2025-03-02', 1),
(1666, 56, '2025-03-03', 1),
(1667, 56, '2025-03-04', 1),
(1668, 56, '2025-03-05', 1),
(1669, 56, '2025-03-06', 1),
(1670, 56, '2025-03-07', 1),
(1671, 56, '2025-03-08', 1),
(1672, 56, '2025-03-09', 1),
(1673, 56, '2025-03-10', 1),
(1674, 56, '2025-03-11', 1),
(1675, 56, '2025-03-12', 1),
(1676, 56, '2025-03-13', 1),
(1677, 56, '2025-03-14', 1),
(1678, 56, '2025-03-15', 1),
(1679, 56, '2025-03-16', 1),
(1680, 56, '2025-03-17', 1),
(1681, 57, '2025-02-16', 1),
(1682, 57, '2025-02-17', 1),
(1683, 57, '2025-02-18', 1),
(1684, 57, '2025-02-19', 1),
(1685, 57, '2025-02-20', 1),
(1686, 57, '2025-02-21', 1),
(1687, 57, '2025-02-22', 1),
(1688, 57, '2025-02-23', 1),
(1689, 57, '2025-02-24', 1),
(1690, 57, '2025-02-25', 1),
(1691, 57, '2025-02-26', 1),
(1692, 57, '2025-02-27', 1),
(1693, 57, '2025-02-28', 1),
(1694, 57, '2025-03-01', 1),
(1695, 57, '2025-03-02', 1),
(1696, 57, '2025-03-03', 1),
(1697, 57, '2025-03-04', 1),
(1698, 57, '2025-03-05', 1),
(1699, 57, '2025-03-06', 1),
(1700, 57, '2025-03-07', 1),
(1701, 57, '2025-03-08', 1),
(1702, 57, '2025-03-09', 1),
(1703, 57, '2025-03-10', 1),
(1704, 57, '2025-03-11', 1),
(1705, 57, '2025-03-12', 1),
(1706, 57, '2025-03-13', 1),
(1707, 57, '2025-03-14', 1),
(1708, 57, '2025-03-15', 1),
(1709, 57, '2025-03-16', 1),
(1710, 57, '2025-03-17', 1),
(1711, 58, '2025-02-27', 1);

-- --------------------------------------------------------

--
-- Table structure for table `users`
--

CREATE TABLE `users` (
  `id` int(11) UNSIGNED NOT NULL,
  `username` varchar(256) NOT NULL,
  `password` varchar(256) NOT NULL
) ENGINE=InnoDB DEFAULT CHARSET=utf8mb4 COLLATE=utf8mb4_general_ci;

--
-- Dumping data for table `users`
--

INSERT INTO `users` (`id`, `username`, `password`) VALUES
(1, 'shagor1', '$2y$10$.VLeG5o1LC/tKlBOdx88hOpiJ.3hR5ddFkibmYi24zHNoKsp/0YpG'),
(2, 'shagor2', '$2y$10$gZgJ1b5IF9Z2Nlp6x.K8ruDNGPjcj50Ksvm7Cs0jBktdkplbf93Ea'),
(3, 'shagor3', '$2y$10$fllPgVbKClNpDbuHXxxMGujyuyu22/aLEEvorqSjiNU6e01/FKjny'),
(5, 'shagor4', '$2y$10$txC1UMRkBAQPOPpDMWkYsebYlOr3cxY5fYuYrN81bGTRA8ktzIrqi'),
(6, 'shagor5', '$2y$10$j0KR8GTYNarL/ZNlC88g2OGs98XsFlI1ZghvPAAy71U6WLSKXpQwe'),
(7, 'shagor6', '$2y$10$aj8xsaQHF4X7PnS.3djqoOcR0qfJGCvlzeRGriW1wUz7UryiaGFLW');

--
-- Indexes for dumped tables
--

--
-- Indexes for table `coach`
--
ALTER TABLE `coach`
  ADD PRIMARY KEY (`coach_id`);

--
-- Indexes for table `company`
--
ALTER TABLE `company`
  ADD PRIMARY KEY (`company_id`);

--
-- Indexes for table `district`
--
ALTER TABLE `district`
  ADD PRIMARY KEY (`district_id`),
  ADD UNIQUE KEY `district_name` (`district_name`);

--
-- Indexes for table `migrations`
--
ALTER TABLE `migrations`
  ADD PRIMARY KEY (`id`);

--
-- Indexes for table `nusers`
--
ALTER TABLE `nusers`
  ADD PRIMARY KEY (`id`),
  ADD UNIQUE KEY `username` (`username`),
  ADD UNIQUE KEY `email` (`email`);

--
-- Indexes for table `purchase_info`
--
ALTER TABLE `purchase_info`
  ADD PRIMARY KEY (`id`);

--
-- Indexes for table `refundlist`
--
ALTER TABLE `refundlist`
  ADD PRIMARY KEY (`id`);

--
-- Indexes for table `routes`
--
ALTER TABLE `routes`
  ADD PRIMARY KEY (`id`),
  ADD KEY `company_id` (`company_id`);

--
-- Indexes for table `seats`
--
ALTER TABLE `seats`
  ADD PRIMARY KEY (`seat_id`);

--
-- Indexes for table `tickets`
--
ALTER TABLE `tickets`
  ADD PRIMARY KEY (`id`);

--
-- Indexes for table `trips`
--
ALTER TABLE `trips`
  ADD UNIQUE KEY `trip_id` (`trip_id`);

--
-- Indexes for table `users`
--
ALTER TABLE `users`
  ADD PRIMARY KEY (`id`),
  ADD UNIQUE KEY `username` (`username`);

--
-- AUTO_INCREMENT for dumped tables
--

--
-- AUTO_INCREMENT for table `coach`
--
ALTER TABLE `coach`
  MODIFY `coach_id` int(11) UNSIGNED NOT NULL AUTO_INCREMENT, AUTO_INCREMENT=59;

--
-- AUTO_INCREMENT for table `company`
--
ALTER TABLE `company`
  MODIFY `company_id` int(11) UNSIGNED NOT NULL AUTO_INCREMENT, AUTO_INCREMENT=8;

--
-- AUTO_INCREMENT for table `district`
--
ALTER TABLE `district`
  MODIFY `district_id` int(11) UNSIGNED NOT NULL AUTO_INCREMENT, AUTO_INCREMENT=65;

--
-- AUTO_INCREMENT for table `migrations`
--
ALTER TABLE `migrations`
  MODIFY `id` bigint(20) UNSIGNED NOT NULL AUTO_INCREMENT, AUTO_INCREMENT=11;

--
-- AUTO_INCREMENT for table `nusers`
--
ALTER TABLE `nusers`
  MODIFY `id` int(11) UNSIGNED NOT NULL AUTO_INCREMENT, AUTO_INCREMENT=11;

--
-- AUTO_INCREMENT for table `purchase_info`
--
ALTER TABLE `purchase_info`
  MODIFY `id` int(11) NOT NULL AUTO_INCREMENT, AUTO_INCREMENT=23;

--
-- AUTO_INCREMENT for table `refundlist`
--
ALTER TABLE `refundlist`
  MODIFY `id` int(11) UNSIGNED NOT NULL AUTO_INCREMENT, AUTO_INCREMENT=6;

--
-- AUTO_INCREMENT for table `routes`
--
ALTER TABLE `routes`
  MODIFY `id` int(11) UNSIGNED NOT NULL AUTO_INCREMENT, AUTO_INCREMENT=82;

--
-- AUTO_INCREMENT for table `seats`
--
ALTER TABLE `seats`
  MODIFY `seat_id` int(11) UNSIGNED NOT NULL AUTO_INCREMENT;

--
-- AUTO_INCREMENT for table `tickets`
--
ALTER TABLE `tickets`
  MODIFY `id` int(11) UNSIGNED NOT NULL AUTO_INCREMENT, AUTO_INCREMENT=82;

--
-- AUTO_INCREMENT for table `trips`
--
ALTER TABLE `trips`
  MODIFY `trip_id` int(11) NOT NULL AUTO_INCREMENT, AUTO_INCREMENT=1712;

--
-- AUTO_INCREMENT for table `users`
--
ALTER TABLE `users`
  MODIFY `id` int(11) UNSIGNED NOT NULL AUTO_INCREMENT, AUTO_INCREMENT=8;
COMMIT;

/*!40101 SET CHARACTER_SET_CLIENT=@OLD_CHARACTER_SET_CLIENT */;
/*!40101 SET CHARACTER_SET_RESULTS=@OLD_CHARACTER_SET_RESULTS */;
/*!40101 SET COLLATION_CONNECTION=@OLD_COLLATION_CONNECTION */;
